Area_name,fips,pop.per.square.mile
UNITED STATES,00000,87.4
ALABAMA,01000,94.4
"Autauga, AL",01001,91.8
"Baldwin, AL",01003,114.6
"Barbour, AL",01005,31
"Bibb, AL",01007,36.8
"Blount, AL",01009,88.9
"Bullock, AL",01011,17.5
"Butler, AL",01013,27
"Calhoun, AL",01015,195.7
"Chambers, AL",01017,57.4
"Cherokee, AL",01019,46.9
"Chilton, AL",01021,63
"Choctaw, AL",01023,15.2
"Clarke, AL",01025,20.9
"Clay, AL",01027,23.1
"Cleburne, AL",01029,26.7
"Coffee, AL",01031,73.6
"Colbert, AL",01033,91.8
"Conecuh, AL",01035,15.6
"Coosa, AL",01037,17.7
"Covington, AL",01039,36.6
"Crenshaw, AL",01041,22.8
"Cullman, AL",01043,109.4
"Dale, AL",01045,89.6
"Dallas, AL",01047,44.8
"DeKalb, AL",01049,91.5
"Elmore, AL",01051,128.2
"Escambia, AL",01053,40.5
"Etowah, AL",01055,195.2
"Fayette, AL",01057,27.5
"Franklin, AL",01059,50
"Geneva, AL",01061,46.6
"Greene, AL",01063,14
"Hale, AL",01065,24.5
"Henry, AL",01067,30.8
"Houston, AL",01069,175.1
"Jackson, AL",01071,49.4
"Jefferson, AL",01073,592.5
"Lamar, AL",01075,24.1
"Lauderdale, AL",01077,138.8
"Lawrence, AL",01079,49.7
"Lee, AL",01081,230.8
"Limestone, AL",01083,147.8
"Lowndes, AL",01085,15.8
"Macon, AL",01087,35.2
"Madison, AL",01089,417.7
"Marengo, AL",01091,21.5
"Marion, AL",01093,41.5
"Marshall, AL",01095,164.4
"Mobile, AL",01097,335.9
"Monroe, AL",01099,22.5
"Montgomery, AL",01101,292.5
"Morgan, AL",01103,206.3
"Perry, AL",01105,14.7
"Pickens, AL",01107,22.4
"Pike, AL",01109,48.9
"Randolph, AL",01111,39.5
"Russell, AL",01113,82.6
"St. Clair, AL",01115,132.3
"Shelby, AL",01117,248.5
"Sumter, AL",01119,15.2
"Talladega, AL",01121,111.7
"Tallapoosa, AL",01123,58.1
"Tuscaloosa, AL",01125,147.3
"Walker, AL",01127,84.7
"Washington, AL",01129,16.3
"Wilcox, AL",01131,13.1
"Winston, AL",01133,39.9
ALASKA,02000,1.2
"Aleutians East, AK",02013,0.4
"Aleutians West, AK",02016,1.3
"Anchorage, AK",02020,171.2
"Bethel, AK",02050,0.4
"Bristol Bay, AK",02060,2
"Denali, AK",02068,0.1
"Dillingham, AK",02070,0.3
"Fairbanks North Star, AK",02090,13.3
"Haines, AK",02100,1.1
"Hoonah-Angoon, AK",02105,0.3
"Juneau, AK",02110,11.6
"Kenai Peninsula, AK",02122,3.4
"Ketchikan Gateway, AK",02130,2.8
"Kodiak Island, AK",02150,2.1
"Lake and Peninsula, AK",02164,0.1
"Matanuska-Susitna, AK",02170,3.6
"Nome, AK",02180,0.4
"North Slope, AK",02185,0.1
"Northwest Arctic, AK",02188,0.2
"Petersburg, AK",02195,1.2
"Prince of Wales-Hyder, AK",02198,1.4
"Sitka, AK",02220,3.1
"Skagway, AK",02230,2.1
"Southeast Fairbanks, AK",02240,0.3
"Valdez-Cordova, AK",02261,0.3
"Wade Hampton, AK",02270,0.4
"Wrangell, AK",02275,0.9
"Yakutat, AK",02282,0.1
"Yukon-Koyukuk, AK",02290,0
ARIZONA,04000,56.3
"Apache, AZ",04001,6.4
"Cochise, AZ",04003,21.3
"Coconino, AZ",04005,7.2
"Gila, AZ",04007,11.3
"Graham, AZ",04009,8.1
"Greenlee, AZ",04011,4.6
"La Paz, AZ",04012,4.6
"Maricopa, AZ",04013,414.9
"Mohave, AZ",04015,15
"Navajo, AZ",04017,10.8
"Pima, AZ",04019,106.7
"Pinal, AZ",04021,70
"Santa Cruz, AZ",04023,38.3
"Yavapai, AZ",04025,26
"Yuma, AZ",04027,35.5
ARKANSAS,05000,56
"Arkansas, AR",05001,19.2
"Ashley, AR",05003,23.6
"Baxter, AR",05005,74.9
"Benton, AR",05007,261.2
"Boone, AR",05009,62.5
"Bradley, AR",05011,17.7
"Calhoun, AR",05013,8.5
"Carroll, AR",05015,43.6
"Chicot, AR",05017,18.3
"Clark, AR",05019,26.6
"Clay, AR",05021,25.2
"Cleburne, AR",05023,46.9
"Cleveland, AR",05025,14.5
"Columbia, AR",05027,32.1
"Conway, AR",05029,38.5
"Craighead, AR",05031,136.4
"Crawford, AR",05033,104.4
"Crittenden, AR",05035,83.5
"Cross, AR",05037,29
"Dallas, AR",05039,12.2
"Desha, AR",05041,16.9
"Drew, AR",05043,22.3
"Faulkner, AR",05045,174.8
"Franklin, AR",05047,29.8
"Fulton, AR",05049,19.8
"Garland, AR",05051,141.7
"Grant, AR",05053,28.3
"Greene, AR",05055,72.9
"Hempstead, AR",05057,31.1
"Hot Spring, AR",05059,53.5
"Howard, AR",05061,23.4
"Independence, AR",05063,48
"Izard, AR",05065,23.6
"Jackson, AR",05067,28.4
"Jefferson, AR",05069,88.9
"Johnson, AR",05071,38.7
"Lafayette, AR",05073,14.5
"Lawrence, AR",05075,29.6
"Lee, AR",05077,17.3
"Lincoln, AR",05079,25.2
"Little River, AR",05081,24.7
"Logan, AR",05083,31.6
"Lonoke, AR",05085,88.7
"Madison, AR",05087,18.8
"Marion, AR",05089,27.9
"Miller, AR",05091,69.5
"Mississippi, AR",05093,51.6
"Monroe, AR",05095,13.4
"Montgomery, AR",05097,12.2
"Nevada, AR",05099,14.6
"Newton, AR",05101,10.1
"Ouachita, AR",05103,35.6
"Perry, AR",05105,18.9
"Phillips, AR",05107,31.3
"Pike, AR",05109,18.8
"Poinsett, AR",05111,32.4
"Polk, AR",05113,24.1
"Pope, AR",05115,76
"Prairie, AR",05117,13.4
"Pulaski, AR",05119,503.8
"Randolph, AR",05121,27.6
"St. Francis, AR",05123,44.5
"Saline, AR",05125,148
"Scott, AR",05127,12.6
"Searcy, AR",05129,12.3
"Sebastian, AR",05131,236.4
"Sevier, AR",05133,30.2
"Sharp, AR",05135,28.6
"Stone, AR",05137,20.4
"Union, AR",05139,40.1
"Van Buren, AR",05141,24.4
"Washington, AR",05143,215.6
"White, AR",05145,74.5
"Woodruff, AR",05147,12.4
"Yell, AR",05149,23.9
CALIFORNIA,06000,239.1
"Alameda, CA",06001,2043.6
"Alpine, CA",06003,1.6
"Amador, CA",06005,64.1
"Butte, CA",06007,134.4
"Calaveras, CA",06009,44.7
"Colusa, CA",06011,18.6
"Contra Costa, CA",06013,1465.2
"Del Norte, CA",06015,28.4
"El Dorado, CA",06017,106
"Fresno, CA",06019,156.2
"Glenn, CA",06021,21.4
"Humboldt, CA",06023,37.7
"Imperial, CA",06025,41.8
"Inyo, CA",06027,1.8
"Kern, CA",06029,103.3
"Kings, CA",06031,110.1
"Lake, CA",06033,51.5
"Lassen, CA",06035,7.7
"Los Angeles, CA",06037,2419.6
"Madera, CA",06039,70.6
"Marin, CA",06041,485.1
"Mariposa, CA",06043,12.6
"Mendocino, CA",06045,25.1
"Merced, CA",06047,132.2
"Modoc, CA",06049,2.5
"Mono, CA",06051,4.7
"Monterey, CA",06053,126.5
"Napa, CA",06055,182.4
"Nevada, CA",06057,103.1
"Orange, CA",06059,3807.7
"Placer, CA",06061,247.6
"Plumas, CA",06063,7.8
"Riverside, CA",06065,303.8
"Sacramento, CA",06067,1470.8
"San Benito, CA",06069,39.8
"San Bernardino, CA",06071,101.5
"San Diego, CA",06073,735.8
"San Francisco, CA",06075,17179.1
"San Joaquin, CA",06077,492.6
"San Luis Obispo, CA",06079,81.7
"San Mateo, CA",06081,1602.2
"Santa Barbara, CA",06083,155
"Santa Clara, CA",06085,1381
"Santa Cruz, CA",06087,589.4
"Shasta, CA",06089,46.9
"Sierra, CA",06091,3.4
"Siskiyou, CA",06093,7.2
"Solano, CA",06095,503
"Sonoma, CA",06097,307.1
"Stanislaus, CA",06099,344.2
"Sutter, CA",06101,157.3
"Tehama, CA",06103,21.5
"Trinity, CA",06105,4.3
"Tulare, CA",06107,91.7
"Tuolumne, CA",06109,24.9
"Ventura, CA",06111,446.7
"Yolo, CA",06113,197.9
"Yuba, CA",06115,114.2
COLORADO,08000,48.5
"Adams, CO",08001,378.2
"Alamosa, CO",08003,21.4
"Arapahoe, CO",08005,716.7
"Archuleta, CO",08007,8.9
"Baca, CO",08009,1.5
"Bent, CO",08011,4.3
"Boulder, CO",08013,405.6
"Broomfield, CO",08014,1691.9
"Chaffee, CO",08015,17.6
"Cheyenne, CO",08017,1
"Clear Creek, CO",08019,23
"Conejos, CO",08021,6.4
"Costilla, CO",08023,2.9
"Crowley, CO",08025,7.4
"Custer, CO",08027,5.8
"Delta, CO",08029,27.1
"Denver, CO",08031,3922.6
"Dolores, CO",08033,1.9
"Douglas, CO",08035,339.7
"Eagle, CO",08037,31
"Elbert, CO",08039,12.5
"El Paso, CO",08041,292.6
"Fremont, CO",08043,30.5
"Garfield, CO",08045,19.1
"Gilpin, CO",08047,36.3
"Grand, CO",08049,8
"Gunnison, CO",08051,4.7
"Hinsdale, CO",08053,0.8
"Huerfano, CO",08055,4.2
"Jackson, CO",08057,0.9
"Jefferson, CO",08059,699.5
"Kiowa, CO",08061,0.8
"Kit Carson, CO",08063,3.8
"Lake, CO",08065,19.4
"La Plata, CO",08067,30.3
"Larimer, CO",08069,115.4
"Las Animas, CO",08071,3.2
"Lincoln, CO",08073,2.1
"Logan, CO",08075,12.4
"Mesa, CO",08077,44.1
"Mineral, CO",08079,0.8
"Moffat, CO",08081,2.9
"Montezuma, CO",08083,12.6
"Montrose, CO",08085,18.4
"Morgan, CO",08087,22
"Otero, CO",08089,14.9
"Ouray, CO",08091,8.2
"Park, CO",08093,7.4
"Phillips, CO",08095,6.5
"Pitkin, CO",08097,17.7
"Prowers, CO",08099,7.7
"Pueblo, CO",08101,66.7
"Rio Blanco, CO",08103,2.1
"Rio Grande, CO",08105,13.1
"Routt, CO",08107,10
"Saguache, CO",08109,1.9
"San Juan, CO",08111,1.8
"San Miguel, CO",08113,5.7
"Sedgwick, CO",08115,4.3
"Summit, CO",08117,46
"Teller, CO",08119,41.9
"Washington, CO",08121,1.9
"Weld, CO",08123,63.4
"Yuma, CO",08125,4.2
CONNECTICUT,09000,738.1
"Fairfield, CT",09001,1467.2
"Hartford, CT",09003,1216.2
"Litchfield, CT",09005,206.3
"Middlesex, CT",09007,448.6
"New Haven, CT",09009,1426.7
"New London, CT",09011,412.2
"Tolland, CT",09013,372.2
"Windham, CT",09015,230.9
DELAWARE,10000,460.8
"Kent, DE",10001,276.9
"New Castle, DE",10003,1263.2
"Sussex, DE",10005,210.6
DISTRICT OF COLUMBIA,11000,9856.5
District of Columbia,11001,9856.6
FLORIDA,12000,350.6
"Alachua, FL",12001,282.7
"Baker, FL",12003,46.3
"Bay, FL",12005,222.6
"Bradford, FL",12007,97
"Brevard, FL",12009,535
"Broward, FL",12011,1444.9
"Calhoun, FL",12013,25.8
"Charlotte, FL",12015,235.2
"Citrus, FL",12017,242.8
"Clay, FL",12019,315.8
"Collier, FL",12021,160.9
"Columbia, FL",12023,84.7
"DeSoto, FL",12027,54.7
"Dixie, FL",12029,23.3
"Duval, FL",12031,1133.9
"Escambia, FL",12033,453.4
"Flagler, FL",12035,197.1
"Franklin, FL",12037,21.6
"Gadsden, FL",12039,89.8
"Gilchrist, FL",12041,48.4
"Glades, FL",12043,16
"Gulf, FL",12045,28.1
"Hamilton, FL",12047,28.8
"Hardee, FL",12049,43.5
"Hendry, FL",12051,34
"Hernando, FL",12053,365.6
"Highlands, FL",12055,97.2
"Hillsborough, FL",12057,1204.9
"Holmes, FL",12059,41.6
"Indian River, FL",12061,274.5
"Jackson, FL",12063,54.2
"Jefferson, FL",12065,24.7
"Lafayette, FL",12067,16.3
"Lake, FL",12069,316.6
"Lee, FL",12071,788.7
"Leon, FL",12073,413.1
"Levy, FL",12075,36.5
"Liberty, FL",12077,10
"Madison, FL",12079,27.6
"Manatee, FL",12081,434.5
"Marion, FL",12083,209.1
"Martin, FL",12085,269.2
"Miami-Dade, FL",12086,1315.5
"Monroe, FL",12087,74.3
"Nassau, FL",12089,113
"Okaloosa, FL",12091,194.4
"Okeechobee, FL",12093,52
"Orange, FL",12095,1268.5
"Osceola, FL",12097,202.4
"Palm Beach, FL",12099,670.2
"Pasco, FL",12101,622.2
"Pinellas, FL",12103,3347.5
"Polk, FL",12105,334.9
"Putnam, FL",12107,102.2
"St. Johns, FL",12109,316.4
"St. Lucie, FL",12111,485.7
"Santa Rosa, FL",12113,149.6
"Sarasota, FL",12115,682.6
"Seminole, FL",12117,1367
"Sumter, FL",12119,170.8
"Suwannee, FL",12121,60.3
"Taylor, FL",12123,21.6
"Union, FL",12125,63.8
"Volusia, FL",12127,449.2
"Wakulla, FL",12129,50.8
"Walton, FL",12131,53
"Washington, FL",12133,42.7
GEORGIA,13000,168.4
"Appling, GA",13001,36
"Atkinson, GA",13003,24.7
"Bacon, GA",13005,42.9
"Baker, GA",13007,10.1
"Baldwin, GA",13009,177.3
"Banks, GA",13011,79.3
"Barrow, GA",13013,432.7
"Bartow, GA",13015,217.9
"Ben Hill, GA",13017,70.5
"Berrien, GA",13019,42.7
"Bibb, GA",13021,622.8
"Bleckley, GA",13023,60.5
"Brantley, GA",13025,41.6
"Brooks, GA",13027,32.9
"Bryan, GA",13029,69.3
"Bulloch, GA",13031,104.4
"Burke, GA",13033,28.2
"Butts, GA",13035,128.3
"Calhoun, GA",13037,23.9
"Camden, GA",13039,82.4
"Candler, GA",13043,45.3
"Carroll, GA",13045,221.5
"Catoosa, GA",13047,394.3
"Charlton, GA",13049,15.7
"Chatham, GA",13051,621.7
"Chattahoochee, GA",13053,45.3
"Chattooga, GA",13055,83
"Cherokee, GA",13057,508.3
"Clarke, GA",13059,979.1
"Clay, GA",13061,16.3
"Clayton, GA",13063,1832.5
"Clinch, GA",13065,8.5
"Cobb, GA",13067,2026.4
"Coffee, GA",13069,73.7
"Colquitt, GA",13071,83.6
"Columbia, GA",13073,427.6
"Cook, GA",13075,75.8
"Coweta, GA",13077,288.8
"Crawford, GA",13079,38.9
"Crisp, GA",13081,86
"Dade, GA",13083,95.6
"Dawson, GA",13085,105.9
"Decatur, GA",13087,46.6
"DeKalb, GA",13089,2585.7
"Dodge, GA",13091,44
"Dooly, GA",13093,38.1
"Dougherty, GA",13095,287.7
"Douglas, GA",13097,661.8
"Early, GA",13099,21.5
"Echols, GA",13101,9.7
"Effingham, GA",13103,109.4
"Elbert, GA",13105,57.4
"Emanuel, GA",13107,33.2
"Evans, GA",13109,60.2
"Fannin, GA",13111,61.2
"Fayette, GA",13113,548.3
"Floyd, GA",13115,188.9
"Forsyth, GA",13117,783.5
"Franklin, GA",13119,84.5
"Fulton, GA",13121,1748
"Gilmer, GA",13123,66.3
"Glascock, GA",13125,21.4
"Glynn, GA",13127,189.7
"Gordon, GA",13129,155.1
"Grady, GA",13131,55
"Greene, GA",13133,41.3
"Gwinnett, GA",13135,1871.2
"Habersham, GA",13137,155.5
"Hall, GA",13139,457.5
"Hancock, GA",13141,20
"Haralson, GA",13143,102
"Harris, GA",13145,69
"Hart, GA",13147,108.5
"Heard, GA",13149,40
"Henry, GA",13151,633
"Houston, GA",13153,372.5
"Irwin, GA",13155,26.9
"Jackson, GA",13157,178.1
"Jasper, GA",13159,37.8
"Jeff Davis, GA",13161,45.6
"Jefferson, GA",13163,32.2
"Jenkins, GA",13165,24
"Johnson, GA",13167,32.9
"Jones, GA",13169,72.8
"Lamar, GA",13171,99.8
"Lanier, GA",13173,54.4
"Laurens, GA",13175,60
"Lee, GA",13177,79.5
"Liberty, GA",13179,129.5
"Lincoln, GA",13181,38
"Long, GA",13183,36.1
"Lowndes, GA",13185,220.2
"Lumpkin, GA",13187,105.9
"McDuffie, GA",13189,85
"McIntosh, GA",13191,33.8
"Macon, GA",13193,36.8
"Madison, GA",13195,99.6
"Marion, GA",13197,23.9
"Meriwether, GA",13199,43.9
"Miller, GA",13201,21.7
"Mitchell, GA",13205,45.9
"Monroe, GA",13207,66.8
"Montgomery, GA",13209,38.1
"Morgan, GA",13211,51.4
"Murray, GA",13213,115
"Muscogee, GA",13215,877.5
"Newton, GA",13217,367.3
"Oconee, GA",13219,178
"Oglethorpe, GA",13221,33.9
"Paulding, GA",13223,455.8
"Peach, GA",13225,184.3
"Pickens, GA",13227,126.8
"Pierce, GA",13229,59.3
"Pike, GA",13231,82.7
"Polk, GA",13233,133.6
"Pulaski, GA",13235,48.2
"Putnam, GA",13237,61.6
"Quitman, GA",13239,16.6
"Rabun, GA",13241,44
"Randolph, GA",13243,18
"Richmond, GA",13245,618.4
"Rockdale, GA",13247,656.5
"Schley, GA",13249,30
"Screven, GA",13251,22.6
"Seminole, GA",13253,37.1
"Spalding, GA",13255,326.1
"Stephens, GA",13257,146.1
"Stewart, GA",13259,13.2
"Sumter, GA",13261,68
"Talbot, GA",13263,17.5
"Taliaferro, GA",13265,8.8
"Tattnall, GA",13267,53.2
"Taylor, GA",13269,23.6
"Telfair, GA",13271,37.7
"Terrell, GA",13273,27.8
"Thomas, GA",13275,82.1
"Tift, GA",13277,154.9
"Toombs, GA",13279,74.8
"Towns, GA",13281,62.9
"Treutlen, GA",13283,34.5
"Troup, GA",13285,161.9
"Turner, GA",13287,31.3
"Twiggs, GA",13289,25.2
"Union, GA",13291,66.3
"Upson, GA",13293,84
"Walker, GA",13295,154
"Walton, GA",13297,257.2
"Ware, GA",13299,40.7
"Warren, GA",13301,20.5
"Washington, GA",13303,31.2
"Wayne, GA",13305,46.9
"Webster, GA",13307,13.4
"Wheeler, GA",13309,25.1
"White, GA",13311,112.8
"Whitfield, GA",13313,353.2
"Wilcox, GA",13315,24.5
"Wilkes, GA",13317,22.6
"Wilkinson, GA",13319,21.4
"Worth, GA",13321,38
HAWAII,15000,211.8
"Hawaii, HI",15001,45.9
"Honolulu, HI",15003,1586.7
"Kalawao, HI",15005,7.5
"Kauai, HI",15007,108.2
"Maui, HI",15009,133.3
IDAHO,16000,19
"Ada, ID",16001,372.8
"Adams, ID",16003,2.9
"Bannock, ID",16005,74.5
"Bear Lake, ID",16007,6.1
"Benewah, ID",16009,12
"Bingham, ID",16011,21.8
"Blaine, ID",16013,8.1
"Boise, ID",16015,3.7
"Bonner, ID",16017,23.6
"Bonneville, ID",16019,55.9
"Boundary, ID",16021,8.6
"Butte, ID",16023,1.3
"Camas, ID",16025,1
"Canyon, ID",16027,321.6
"Caribou, ID",16029,3.9
"Cassia, ID",16031,8.9
"Clark, ID",16033,0.6
"Clearwater, ID",16035,3.6
"Custer, ID",16037,0.9
"Elmore, ID",16039,8.8
"Franklin, ID",16041,19.3
"Fremont, ID",16043,7.1
"Gem, ID",16045,29.8
"Gooding, ID",16047,21.2
"Idaho, ID",16049,1.9
"Jefferson, ID",16051,23.9
"Jerome, ID",16053,37.5
"Kootenai, ID",16055,111.3
"Latah, ID",16057,34.6
"Lemhi, ID",16059,1.7
"Lewis, ID",16061,8
"Lincoln, ID",16063,4.3
"Madison, ID",16065,80
"Minidoka, ID",16067,26.5
"Nez Perce, ID",16069,46.3
"Oneida, ID",16071,3.6
"Owyhee, ID",16073,1.5
"Payette, ID",16075,55.6
"Power, ID",16077,5.6
"Shoshone, ID",16079,4.9
"Teton, ID",16081,22.6
"Twin Falls, ID",16083,40.2
"Valley, ID",16085,2.7
"Washington, ID",16087,7
ILLINOIS,17000,231.1
"Adams, IL",17001,78.5
"Alexander, IL",17003,35
"Bond, IL",17005,46.7
"Boone, IL",17007,193
"Brown, IL",17009,22.7
"Bureau, IL",17011,40.2
"Calhoun, IL",17013,20
"Carroll, IL",17015,34.6
"Cass, IL",17017,36.3
"Champaign, IL",17019,201.8
"Christian, IL",17021,49.1
"Clark, IL",17023,32.6
"Clay, IL",17025,29.5
"Clinton, IL",17027,79.7
"Coles, IL",17029,106
"Cook, IL",17031,5495.1
"Crawford, IL",17033,44.7
"Cumberland, IL",17035,31.9
"DeKalb, IL",17037,166.6
"De Witt, IL",17039,41.7
"Douglas, IL",17041,48
"DuPage, IL",17043,2799.8
"Edgar, IL",17045,29.8
"Edwards, IL",17047,30.2
"Effingham, IL",17049,71.5
"Fayette, IL",17051,30.9
"Ford, IL",17053,29
"Franklin, IL",17055,96.8
"Fulton, IL",17057,42.8
"Gallatin, IL",17059,17.3
"Greene, IL",17061,25.6
"Grundy, IL",17063,119.8
"Hamilton, IL",17065,19.5
"Hancock, IL",17067,24.1
"Hardin, IL",17069,24.3
"Henderson, IL",17071,19.3
"Henry, IL",17073,61.3
"Iroquois, IL",17075,26.6
"Jackson, IL",17077,103.1
"Jasper, IL",17079,19.6
"Jefferson, IL",17081,68
"Jersey, IL",17083,62.2
"Jo Daviess, IL",17085,37.7
"Johnson, IL",17087,36.6
"Kane, IL",17089,990.8
"Kankakee, IL",17091,167.7
"Kendall, IL",17093,358.2
"Knox, IL",17095,73.9
"Lake, IL",17097,1585.6
"LaSalle, IL",17099,100.4
"Lawrence, IL",17101,45.2
"Lee, IL",17103,49.7
"Livingston, IL",17105,37.3
"Logan, IL",17107,49
"McDonough, IL",17109,55.3
"McHenry, IL",17111,511.9
"McLean, IL",17113,143.3
"Macon, IL",17115,190.8
"Macoupin, IL",17117,55.4
"Madison, IL",17119,376.3
"Marion, IL",17121,68.9
"Marshall, IL",17123,32.7
"Mason, IL",17125,27.2
"Massac, IL",17127,65
"Menard, IL",17129,40.4
"Mercer, IL",17131,29.3
"Monroe, IL",17133,85.6
"Montgomery, IL",17135,42.8
"Morgan, IL",17137,62.5
"Moultrie, IL",17139,44.2
"Ogle, IL",17141,70.5
"Peoria, IL",17143,301.2
"Perry, IL",17145,50.6
"Piatt, IL",17147,38.1
"Pike, IL",17149,19.8
"Pope, IL",17151,12.1
"Pulaski, IL",17153,30.9
"Putnam, IL",17155,37.5
"Randolph, IL",17157,58.2
"Richland, IL",17159,45.1
"Rock Island, IL",17161,345
"St. Clair, IL",17163,410.6
"Saline, IL",17165,65.6
"Sangamon, IL",17167,227.4
"Schuyler, IL",17169,17.3
"Scott, IL",17171,21.3
"Shelby, IL",17173,29.5
"Stark, IL",17175,20.8
"Stephenson, IL",17177,84.5
"Tazewell, IL",17179,208.6
"Union, IL",17181,43.1
"Vermilion, IL",17183,90.9
"Wabash, IL",17185,53.5
"Warren, IL",17187,32.6
"Washington, IL",17189,26.2
"Wayne, IL",17191,23.5
"White, IL",17193,29.6
"Whiteside, IL",17195,85.5
"Will, IL",17197,809.6
"Williamson, IL",17199,157.9
"Winnebago, IL",17201,575.2
"Woodford, IL",17203,73.3
INDIANA,18000,181
"Adams, IN",18001,101.4
"Allen, IN",18003,540.6
"Bartholomew, IN",18005,188.7
"Benton, IN",18007,21.8
"Blackford, IN",18009,77.3
"Boone, IN",18011,133.9
"Brown, IN",18013,48.9
"Carroll, IN",18015,54.1
"Cass, IN",18017,94.5
"Clark, IN",18019,295.6
"Clay, IN",18021,75.2
"Clinton, IN",18023,82
"Crawford, IN",18025,35.1
"Daviess, IN",18027,73.7
"Dearborn, IN",18029,164.1
"Decatur, IN",18031,69.1
"DeKalb, IN",18033,116.4
"Delaware, IN",18035,300.1
"Dubois, IN",18037,98
"Elkhart, IN",18039,426.5
"Fayette, IN",18041,112.9
"Floyd, IN",18043,504.1
"Fountain, IN",18045,43.6
"Franklin, IN",18047,60.1
"Fulton, IN",18049,56.6
"Gibson, IN",18051,68.7
"Grant, IN",18053,169.2
"Greene, IN",18055,61.1
"Hamilton, IN",18057,696.4
"Hancock, IN",18059,228.8
"Harrison, IN",18061,81.2
"Hendricks, IN",18063,357.4
"Henry, IN",18065,126.2
"Howard, IN",18067,282.4
"Huntington, IN",18069,97
"Jackson, IN",18071,83.2
"Jasper, IN",18073,59.8
"Jay, IN",18075,55.4
"Jefferson, IN",18077,89.9
"Jennings, IN",18079,75.7
"Johnson, IN",18081,435.8
"Knox, IN",18083,74.5
"Kosciusko, IN",18085,145.6
"LaGrange, IN",18087,97.8
"Lake, IN",18089,994.1
"LaPorte, IN",18091,186.3
"Lawrence, IN",18093,102.7
"Madison, IN",18095,291.3
"Marion, IN",18097,2279.6
"Marshall, IN",18099,106.1
"Martin, IN",18101,30.8
"Miami, IN",18103,98.7
"Monroe, IN",18105,349.7
"Montgomery, IN",18107,75.6
"Morgan, IN",18109,170.5
"Newton, IN",18111,35.5
"Noble, IN",18113,115.7
"Ohio, IN",18115,71.1
"Orange, IN",18117,49.8
"Owen, IN",18119,56
"Parke, IN",18121,39
"Perry, IN",18123,50.7
"Pike, IN",18125,38.4
"Porter, IN",18127,393
"Posey, IN",18129,63.3
"Pulaski, IN",18131,30.9
"Putnam, IN",18133,79
"Randolph, IN",18135,57.9
"Ripley, IN",18137,64.6
"Rush, IN",18139,42.6
"St. Joseph, IN",18141,583
"Scott, IN",18143,127
"Shelby, IN",18145,108.1
"Spencer, IN",18147,52.8
"Starke, IN",18149,75.6
"Steuben, IN",18151,110.7
"Sullivan, IN",18153,48
"Switzerland, IN",18155,48.1
"Tippecanoe, IN",18157,345.7
"Tipton, IN",18159,61.2
"Union, IN",18161,46.6
"Vanderburgh, IN",18163,769.7
"Vermillion, IN",18165,63.1
"Vigo, IN",18167,267.4
"Wabash, IN",18169,79.7
"Warren, IN",18171,23.3
"Warrick, IN",18173,155.1
"Washington, IN",18175,55
"Wayne, IN",18177,171.5
"Wells, IN",18179,75.1
"White, IN",18181,48.8
"Whitley, IN",18183,99.2
IOWA,19000,54.5
"Adair, IA",19001,13.5
"Adams, IA",19003,9.5
"Allamakee, IA",19005,22.4
"Appanoose, IA",19007,25.9
"Audubon, IA",19009,13.8
"Benton, IA",19011,36.4
"Black Hawk, IA",19013,231.7
"Boone, IA",19015,46
"Bremer, IA",19017,55.7
"Buchanan, IA",19019,36.7
"Buena Vista, IA",19021,35.2
"Butler, IA",19023,25.6
"Calhoun, IA",19025,17
"Carroll, IA",19027,36.6
"Cass, IA",19029,24.7
"Cedar, IA",19031,31.9
"Cerro Gordo, IA",19033,77.7
"Cherokee, IA",19035,20.9
"Chickasaw, IA",19037,24.7
"Clarke, IA",19039,21.5
"Clay, IA",19041,29.4
"Clayton, IA",19043,23.3
"Clinton, IA",19045,70.7
"Crawford, IA",19047,23.9
"Dallas, IA",19049,112.4
"Davis, IA",19051,17.4
"Decatur, IA",19053,15.9
"Delaware, IA",19055,30.7
"Des Moines, IA",19057,96.9
"Dickinson, IA",19059,43.8
"Dubuque, IA",19061,154
"Emmet, IA",19063,26
"Fayette, IA",19065,28.6
"Floyd, IA",19067,32.6
"Franklin, IA",19069,18.4
"Fremont, IA",19071,14.6
"Greene, IA",19073,16.4
"Grundy, IA",19075,24.8
"Guthrie, IA",19077,18.5
"Hamilton, IA",19079,27.2
"Hancock, IA",19081,19.9
"Hardin, IA",19083,30.8
"Harrison, IA",19085,21.4
"Henry, IA",19087,46.4
"Howard, IA",19089,20.2
"Humboldt, IA",19091,22.6
"Ida, IA",19093,16.4
"Iowa, IA",19095,27.9
"Jackson, IA",19097,31.2
"Jasper, IA",19099,50.4
"Jefferson, IA",19101,38.7
"Johnson, IA",19103,213.1
"Jones, IA",19105,35.9
"Keokuk, IA",19107,18.1
"Kossuth, IA",19109,16
"Lee, IA",19111,69.3
"Linn, IA",19113,294.6
"Louisa, IA",19115,28.3
"Lucas, IA",19117,20.7
"Lyon, IA",19119,19.7
"Madison, IA",19121,27.9
"Mahaska, IA",19123,39.2
"Marion, IA",19125,60.1
"Marshall, IA",19127,71
"Mills, IA",19129,34.4
"Mitchell, IA",19131,23
"Monona, IA",19133,13.3
"Monroe, IA",19135,18.4
"Montgomery, IA",19137,25.3
"Muscatine, IA",19139,97.7
"O'Brien, IA",19141,25.1
"Osceola, IA",19143,16.2
"Page, IA",19145,29.8
"Palo Alto, IA",19147,16.7
"Plymouth, IA",19149,29
"Pocahontas, IA",19151,12.7
"Polk, IA",19153,750.5
"Pottawattamie, IA",19155,98
"Poweshiek, IA",19157,32.3
"Ringgold, IA",19159,9.6
"Sac, IA",19161,18
"Scott, IA",19163,360.7
"Shelby, IA",19165,20.6
"Sioux, IA",19167,43.9
"Story, IA",19169,156.3
"Tama, IA",19171,24.6
"Taylor, IA",19173,11.9
"Union, IA",19175,29.6
"Van Buren, IA",19177,15.6
"Wapello, IA",19179,82.5
"Warren, IA",19181,81.1
"Washington, IA",19183,38.2
"Wayne, IA",19185,12.2
"Webster, IA",19187,53.1
"Winnebago, IA",19189,27.1
"Winneshiek, IA",19191,30.5
"Woodbury, IA",19193,117.1
"Worth, IA",19195,19
"Wright, IA",19197,22.8
KANSAS,20000,34.9
"Allen, KS",20001,26.7
"Anderson, KS",20003,14
"Atchison, KS",20005,39.3
"Barber, KS",20007,4.3
"Barton, KS",20009,30.9
"Bourbon, KS",20011,23.9
"Brown, KS",20013,17.5
"Butler, KS",20015,46.1
"Chase, KS",20017,3.6
"Chautauqua, KS",20019,5.7
"Cherokee, KS",20021,36.8
"Cheyenne, KS",20023,2.7
"Clark, KS",20025,2.3
"Clay, KS",20027,13.2
"Cloud, KS",20029,13.3
"Coffey, KS",20031,13.7
"Comanche, KS",20033,2.4
"Cowley, KS",20035,32.3
"Crawford, KS",20037,66.4
"Decatur, KS",20039,3.3
"Dickinson, KS",20041,23.3
"Doniphan, KS",20043,20.2
"Douglas, KS",20045,243.1
"Edwards, KS",20047,4.9
"Elk, KS",20049,4.5
"Ellis, KS",20051,31.6
"Ellsworth, KS",20053,9.1
"Finney, KS",20055,28.2
"Ford, KS",20057,30.8
"Franklin, KS",20059,45.5
"Geary, KS",20061,89.3
"Gove, KS",20063,2.5
"Graham, KS",20065,2.9
"Grant, KS",20067,13.6
"Gray, KS",20069,6.9
"Greeley, KS",20071,1.6
"Greenwood, KS",20073,5.9
"Hamilton, KS",20075,2.7
"Harper, KS",20077,7.5
"Harvey, KS",20079,64.3
"Haskell, KS",20081,7.4
"Hodgeman, KS",20083,2.2
"Jackson, KS",20085,20.5
"Jefferson, KS",20087,35.9
"Jewell, KS",20089,3.4
"Johnson, KS",20091,1149.6
"Kearny, KS",20093,4.6
"Kingman, KS",20095,9.1
"Kiowa, KS",20097,3.5
"Labette, KS",20099,33.5
"Lane, KS",20101,2.4
"Leavenworth, KS",20103,164.7
"Lincoln, KS",20105,4.5
"Linn, KS",20107,16.3
"Logan, KS",20109,2.6
"Lyon, KS",20111,39.8
"McPherson, KS",20113,32.5
"Marion, KS",20115,13.4
"Marshall, KS",20117,11.2
"Meade, KS",20119,4.7
"Miami, KS",20121,57
"Mitchell, KS",20123,9.1
"Montgomery, KS",20125,55.1
"Morris, KS",20127,8.5
"Morton, KS",20129,4.4
"Nemaha, KS",20131,14.2
"Neosho, KS",20133,28.9
"Ness, KS",20135,2.9
"Norton, KS",20137,6.5
"Osage, KS",20139,23.1
"Osborne, KS",20141,4.3
"Ottawa, KS",20143,8.5
"Pawnee, KS",20145,9.2
"Phillips, KS",20147,6.4
"Pottawatomie, KS",20149,25.7
"Pratt, KS",20151,13.1
"Rawlins, KS",20153,2.4
"Reno, KS",20155,51.4
"Republic, KS",20157,6.9
"Rice, KS",20159,13.9
"Riley, KS",20161,116.6
"Rooks, KS",20163,5.8
"Rush, KS",20165,4.6
"Russell, KS",20167,7.9
"Saline, KS",20169,77.2
"Scott, KS",20171,6.9
"Sedgwick, KS",20173,499.6
"Seward, KS",20175,35.9
"Shawnee, KS",20177,327.1
"Sheridan, KS",20179,2.9
"Sherman, KS",20181,5.7
"Smith, KS",20183,4.3
"Stafford, KS",20185,5.6
"Stanton, KS",20187,3.3
"Stevens, KS",20189,7.9
"Sumner, KS",20191,20.4
"Thomas, KS",20193,7.4
"Trego, KS",20195,3.4
"Wabaunsee, KS",20197,8.9
"Wallace, KS",20199,1.6
"Washington, KS",20201,6.5
"Wichita, KS",20203,3.1
"Wilson, KS",20205,16.5
"Woodson, KS",20207,6.6
"Wyandotte, KS",20209,1039
KENTUCKY,21000,109.9
"Adair, KY",21001,46
"Allen, KY",21003,58
"Anderson, KY",21005,106.1
"Ballard, KY",21007,33.4
"Barren, KY",21009,86.5
"Bath, KY",21011,41.6
"Bell, KY",21013,79.9
"Boone, KY",21015,482.3
"Bourbon, KY",21017,69
"Boyd, KY",21019,309.9
"Boyle, KY",21021,157.8
"Bracken, KY",21023,41.3
"Breathitt, KY",21025,28.2
"Breckinridge, KY",21027,35.4
"Bullitt, KY",21029,250.2
"Butler, KY",21031,29.8
"Caldwell, KY",21033,37.7
"Calloway, KY",21035,96.6
"Campbell, KY",21037,597
"Carlisle, KY",21039,26.9
"Carroll, KY",21041,84.1
"Carter, KY",21043,67.7
"Casey, KY",21045,35.9
"Christian, KY",21047,103.1
"Clark, KY",21049,141.1
"Clay, KY",21051,46.3
"Clinton, KY",21053,52.1
"Crittenden, KY",21055,25.9
"Cumberland, KY",21057,22.5
"Daviess, KY",21059,210.9
"Edmonson, KY",21061,40.2
"Elliott, KY",21063,33.5
"Estill, KY",21065,58
"Fayette, KY",21067,1042.8
"Fleming, KY",21069,41.2
"Floyd, KY",21071,100.3
"Franklin, KY",21073,237.2
"Fulton, KY",21075,33.2
"Gallatin, KY",21077,84.8
"Garrard, KY",21079,73.5
"Grant, KY",21081,95.6
"Graves, KY",21083,67.3
"Grayson, KY",21085,51.8
"Green, KY",21087,39.4
"Greenup, KY",21089,107.2
"Hancock, KY",21091,45.6
"Hardin, KY",21093,169.3
"Harlan, KY",21095,62.9
"Harrison, KY",21097,61.5
"Hart, KY",21099,44.2
"Henderson, KY",21101,105.9
"Henry, KY",21103,53.9
"Hickman, KY",21105,20.2
"Hopkins, KY",21107,86.6
"Jackson, KY",21109,39.1
"Jefferson, KY",21111,1948.1
"Jessamine, KY",21113,282.3
"Johnson, KY",21115,89.2
"Kenton, KY",21117,996.7
"Knott, KY",21119,46.5
"Knox, KY",21121,82.5
"Larue, KY",21123,54.3
"Laurel, KY",21125,135.6
"Lawrence, KY",21127,38.2
"Lee, KY",21129,37.8
"Leslie, KY",21131,28.2
"Letcher, KY",21133,72.6
"Lewis, KY",21135,28.7
"Lincoln, KY",21137,74.1
"Livingston, KY",21139,30.4
"Logan, KY",21141,48.6
"Lyon, KY",21143,38.9
"McCracken, KY",21145,263.6
"McCreary, KY",21147,42.9
"McLean, KY",21149,37.8
"Madison, KY",21151,189.6
"Magoffin, KY",21153,43.2
"Marion, KY",21155,57.8
"Marshall, KY",21157,104.4
"Martin, KY",21159,56.3
"Mason, KY",21161,72.8
"Meade, KY",21163,93.6
"Menifee, KY",21165,31
"Mercer, KY",21167,85.7
"Metcalfe, KY",21169,34.9
"Monroe, KY",21171,33.3
"Montgomery, KY",21173,134.3
"Morgan, KY",21175,36.5
"Muhlenberg, KY",21177,67.4
"Nelson, KY",21179,104
"Nicholas, KY",21181,36.6
"Ohio, KY",21183,40.6
"Oldham, KY",21185,322.2
"Owen, KY",21187,30.9
"Owsley, KY",21189,24.1
"Pendleton, KY",21191,53.7
"Perry, KY",21193,84.5
"Pike, KY",21195,82.6
"Powell, KY",21197,70.5
"Pulaski, KY",21199,95.8
"Robertson, KY",21201,22.8
"Rockcastle, KY",21203,53.9
"Rowan, KY",21205,83.4
"Russell, KY",21207,69.2
"Scott, KY",21209,167.4
"Shelby, KY",21211,110.8
"Simpson, KY",21213,74
"Spencer, KY",21215,91.4
"Taylor, KY",21217,92
"Todd, KY",21219,33.3
"Trigg, KY",21221,32.5
"Trimble, KY",21223,58.1
"Union, KY",21225,43.8
"Warren, KY",21227,210.1
"Washington, KY",21229,39.4
"Wayne, KY",21231,45.4
"Webster, KY",21233,41
"Whitley, KY",21235,81.4
"Wolfe, KY",21237,33.1
"Woodford, KY",21239,132.1
LOUISIANA,22000,104.9
"Acadia, LA",22001,94.3
"Allen, LA",22003,33.8
"Ascension, LA",22005,369.7
"Assumption, LA",22007,69.2
"Avoyelles, LA",22009,50.5
"Beauregard, LA",22011,30.8
"Bienville, LA",22013,17.7
"Bossier, LA",22015,139.3
"Caddo, LA",22017,290.2
"Calcasieu, LA",22019,181.2
"Caldwell, LA",22021,19.1
"Cameron, LA",22023,5.3
"Catahoula, LA",22025,14.7
"Claiborne, LA",22027,22.8
"Concordia, LA",22029,29.9
"De Soto, LA",22031,30.4
"East Baton Rouge, LA",22033,966.6
"East Carroll, LA",22035,18.4
"East Feliciana, LA",22037,44.7
"Evangeline, LA",22039,51.3
"Franklin, LA",22041,33.2
"Grant, LA",22043,34.7
"Iberia, LA",22045,127.6
"Iberville, LA",22047,54
"Jackson, LA",22049,28.6
"Jefferson, LA",22051,1463.1
"Jefferson Davis, LA",22053,48.5
"Lafayette, LA",22055,824.6
"Lafourche, LA",22057,90.2
"La Salle, LA",22059,23.8
"Lincoln, LA",22061,99.1
"Livingston, LA",22063,197.5
"Madison, LA",22065,19.4
"Morehouse, LA",22067,35.2
"Natchitoches, LA",22069,31.6
"Orleans, LA",22071,2029.4
"Ouachita, LA",22073,251.8
"Plaquemines, LA",22075,29.5
"Pointe Coupee, LA",22077,40.9
"Rapides, LA",22079,99.9
"Red River, LA",22081,23.4
"Richland, LA",22083,37.1
"Sabine, LA",22085,28
"St. Bernard, LA",22087,95.1
"St. Charles, LA",22089,189.1
"St. Helena, LA",22091,27.4
"St. James, LA",22093,91.5
"St. John the Baptist, LA",22095,215.5
"St. Landry, LA",22097,90.3
"St. Martin, LA",22099,70.7
"St. Mary, LA",22101,98.4
"St. Tammany, LA",22103,276.4
"Tangipahoa, LA",22105,153
"Tensas, LA",22107,8.7
"Terrebonne, LA",22109,90.8
"Union, LA",22111,25.9
"Vermilion, LA",22113,49.4
"Vernon, LA",22115,39.4
"Washington, LA",22117,70.4
"Webster, LA",22119,69.5
"West Baton Rouge, LA",22121,123.6
"West Carroll, LA",22123,32.3
"West Feliciana, LA",22125,38.8
"Winn, LA",22127,16.1
MAINE,23000,43.1
"Androscoggin, ME",23001,230.2
"Aroostook, ME",23003,10.8
"Cumberland, ME",23005,337.2
"Franklin, ME",23007,18.1
"Hancock, ME",23009,34.3
"Kennebec, ME",23011,140.8
"Knox, ME",23013,108.8
"Lincoln, ME",23015,75.6
"Oxford, ME",23017,27.8
"Penobscot, ME",23019,45.3
"Piscataquis, ME",23021,4.4
"Sagadahoc, ME",23023,139.1
"Somerset, ME",23025,13.3
"Waldo, ME",23027,53.1
"Washington, ME",23029,12.8
"York, ME",23031,199
MARYLAND,24000,594.8
"Allegany, MD",24001,177
"Anne Arundel, MD",24003,1295.9
"Baltimore, MD",24005,1345.5
"Calvert, MD",24009,416.3
"Caroline, MD",24011,103.5
"Carroll, MD",24013,373.4
"Cecil, MD",24015,292
"Charles, MD",24017,320.2
"Dorchester, MD",24019,60.3
"Frederick, MD",24021,353.5
"Garrett, MD",24023,46.5
"Harford, MD",24025,560.1
"Howard, MD",24027,1144.9
"Kent, MD",24029,72.9
"Montgomery, MD",24031,1978.2
"Prince George's, MD",24033,1788.8
"Queen Anne's, MD",24035,128.5
"St. Mary's, MD",24037,294.4
"Somerset, MD",24039,82.8
"Talbot, MD",24041,140.7
"Washington, MD",24043,322.1
"Wicomico, MD",24045,263.7
"Worcester, MD",24047,109.9
"Baltimore city, MD",24510,7671.5
MASSACHUSETTS,25000,839.4
"Barnstable, MA",25001,548.3
"Berkshire, MA",25003,141.6
"Bristol, MA",25005,991.3
"Dukes, MA",25007,160.2
"Essex, MA",25009,1508.8
"Franklin, MA",25011,102.1
"Hampden, MA",25013,751
"Hampshire, MA",25015,299.8
"Middlesex, MA",25017,1837.9
"Nantucket, MA",25019,226.2
"Norfolk, MA",25021,1693.6
"Plymouth, MA",25023,750.9
"Suffolk, MA",25025,12415.7
"Worcester, MA",25027,528.6
MICHIGAN,26000,174.8
"Alcona, MI",26001,16.2
"Alger, MI",26003,10.5
"Allegan, MI",26005,135
"Alpena, MI",26007,51.8
"Antrim, MI",26009,49.6
"Arenac, MI",26011,43.8
"Baraga, MI",26013,9.9
"Barry, MI",26015,107
"Bay, MI",26017,243.7
"Benzie, MI",26019,54.8
"Berrien, MI",26021,276.2
"Branch, MI",26023,89.4
"Calhoun, MI",26025,192.8
"Cass, MI",26027,106.7
"Charlevoix, MI",26029,62.3
"Cheboygan, MI",26031,36.6
"Chippewa, MI",26033,24.7
"Clare, MI",26035,54.8
"Clinton, MI",26037,133.1
"Crawford, MI",26039,25.3
"Delta, MI",26041,31.7
"Dickinson, MI",26043,34.4
"Eaton, MI",26045,187.3
"Emmet, MI",26047,69.9
"Genesee, MI",26049,668.5
"Gladwin, MI",26051,51.2
"Gogebic, MI",26053,14.9
"Grand Traverse, MI",26055,187.3
"Gratiot, MI",26057,74.7
"Hillsdale, MI",26059,78.1
"Houghton, MI",26061,36.3
"Huron, MI",26063,39.6
"Ingham, MI",26065,505.1
"Ionia, MI",26067,111.9
"Iosco, MI",26069,47.1
"Iron, MI",26071,10.1
"Isabella, MI",26073,122.8
"Jackson, MI",26075,228.4
"Kalamazoo, MI",26077,445.7
"Kalkaska, MI",26079,30.6
"Kent, MI",26081,711.5
"Keweenaw, MI",26083,4
"Lake, MI",26085,20.3
"Lapeer, MI",26087,137.4
"Leelanau, MI",26089,62.5
"Lenawee, MI",26091,133.3
"Livingston, MI",26093,320.2
"Luce, MI",26095,7.4
"Mackinac, MI",26097,10.9
"Macomb, MI",26099,1754.9
"Manistee, MI",26101,45.6
"Marquette, MI",26103,37.1
"Mason, MI",26105,58
"Mecosta, MI",26107,77.1
"Menominee, MI",26109,23
"Midland, MI",26111,162
"Missaukee, MI",26113,26.3
"Monroe, MI",26115,276.7
"Montcalm, MI",26117,89.8
"Montmorency, MI",26119,17.9
"Muskegon, MI",26121,344.9
"Newaygo, MI",26123,59.6
"Oakland, MI",26125,1385.7
"Oceana, MI",26127,51.9
"Ogemaw, MI",26129,38.5
"Ontonagon, MI",26131,5.2
"Osceola, MI",26133,41.5
"Oscoda, MI",26135,15.3
"Otsego, MI",26137,46.9
"Ottawa, MI",26139,468.2
"Presque Isle, MI",26141,20.3
"Roscommon, MI",26143,47.1
"Saginaw, MI",26145,250.2
"St. Clair, MI",26147,226.1
"St. Joseph, MI",26149,122.4
"Sanilac, MI",26151,44.8
"Schoolcraft, MI",26153,7.2
"Shiawassee, MI",26155,133.1
"Tuscola, MI",26157,69.4
"Van Buren, MI",26159,125.5
"Washtenaw, MI",26161,488.4
"Wayne, MI",26163,2974.4
"Wexford, MI",26165,57.9
MINNESOTA,27000,66.6
"Aitkin, MN",27001,8.9
"Anoka, MN",27003,782.1
"Becker, MN",27005,24.7
"Beltrami, MN",27007,17.7
"Benton, MN",27009,94.2
"Big Stone, MN",27011,10.6
"Blue Earth, MN",27013,85.6
"Brown, MN",27015,42.4
"Carlton, MN",27017,41.1
"Carver, MN",27019,256.9
"Cass, MN",27021,14.1
"Chippewa, MN",27023,21.4
"Chisago, MN",27025,129.9
"Clay, MN",27027,56.4
"Clearwater, MN",27029,8.7
"Cook, MN",27031,3.6
"Cottonwood, MN",27033,18.3
"Crow Wing, MN",27035,62.6
"Dakota, MN",27037,709
"Dodge, MN",27039,45.7
"Douglas, MN",27041,56.5
"Faribault, MN",27043,20.4
"Fillmore, MN",27045,24.2
"Freeborn, MN",27047,44.2
"Goodhue, MN",27049,61
"Grant, MN",27051,11
"Hennepin, MN",27053,2081.7
"Houston, MN",27055,34.5
"Hubbard, MN",27057,22.1
"Isanti, MN",27059,86.8
"Itasca, MN",27061,16.9
"Jackson, MN",27063,14.6
"Kanabec, MN",27065,31.1
"Kandiyohi, MN",27067,53
"Kittson, MN",27069,4.1
"Koochiching, MN",27071,4.3
"Lac qui Parle, MN",27073,9.5
"Lake, MN",27075,5.2
"Lake of the Woods, MN",27077,3.1
"Le Sueur, MN",27079,61.7
"Lincoln, MN",27081,11
"Lyon, MN",27083,36.2
"McLeod, MN",27085,74.6
"Mahnomen, MN",27087,9.7
"Marshall, MN",27089,5.3
"Martin, MN",27091,29.3
"Meeker, MN",27093,38.3
"Mille Lacs, MN",27095,45.6
"Morrison, MN",27097,29.5
"Mower, MN",27099,55.1
"Murray, MN",27101,12.4
"Nicollet, MN",27103,73
"Nobles, MN",27105,29.9
"Norman, MN",27107,7.9
"Olmsted, MN",27109,220.8
"Otter Tail, MN",27111,29.1
"Pennington, MN",27113,22.6
"Pine, MN",27115,21.1
"Pipestone, MN",27117,20.6
"Polk, MN",27119,16
"Pope, MN",27121,16.4
"Ramsey, MN",27123,3341.7
"Red Lake, MN",27125,9.5
"Redwood, MN",27127,18.3
"Renville, MN",27129,16
"Rice, MN",27131,129.4
"Rock, MN",27133,20.1
"Roseau, MN",27135,9.3
"St. Louis, MN",27137,32
"Scott, MN",27139,364.5
"Sherburne, MN",27141,204.4
"Sibley, MN",27143,25.9
"Stearns, MN",27145,112.2
"Steele, MN",27147,85.1
"Stevens, MN",27149,17.3
"Swift, MN",27151,13.2
"Todd, MN",27153,26.3
"Traverse, MN",27155,6.2
"Wabasha, MN",27157,41.4
"Wadena, MN",27159,25.8
"Waseca, MN",27161,45.2
"Washington, MN",27163,619.7
"Watonwan, MN",27165,25.8
"Wilkin, MN",27167,8.8
"Winona, MN",27169,82.2
"Wright, MN",27171,188.5
"Yellow Medicine, MN",27173,13.8
MISSISSIPPI,28000,63.2
"Adams, MS",28001,69.8
"Alcorn, MS",28003,92.6
"Amite, MS",28005,18
"Attala, MS",28007,26.6
"Benton, MS",28009,21.5
"Bolivar, MS",28011,39
"Calhoun, MS",28013,25.5
"Carroll, MS",28015,16.9
"Chickasaw, MS",28017,34.7
"Choctaw, MS",28019,20.4
"Claiborne, MS",28021,19.7
"Clarke, MS",28023,24.2
"Clay, MS",28025,50.3
"Coahoma, MS",28027,47.3
"Copiah, MS",28029,37.9
"Covington, MS",28031,47.3
"DeSoto, MS",28033,338.7
"Forrest, MS",28035,160.7
"Franklin, MS",28037,14.4
"George, MS",28039,47.2
"Greene, MS",28041,20.2
"Grenada, MS",28043,51.9
"Hancock, MS",28045,92.7
"Harrison, MS",28047,326
"Hinds, MS",28049,282
"Holmes, MS",28051,25.4
"Humphreys, MS",28053,22.4
"Issaquena, MS",28055,3.4
"Itawamba, MS",28057,43.9
"Jackson, MS",28059,193.2
"Jasper, MS",28061,25.2
"Jefferson, MS",28063,14.9
"Jefferson Davis, MS",28065,30.6
"Jones, MS",28067,97.5
"Kemper, MS",28069,13.6
"Lafayette, MS",28071,75
"Lamar, MS",28073,112
"Lauderdale, MS",28075,114.1
"Lawrence, MS",28077,30
"Leake, MS",28079,40.8
"Lee, MS",28081,184.3
"Leflore, MS",28083,54.5
"Lincoln, MS",28085,59.5
"Lowndes, MS",28087,118.3
"Madison, MS",28089,133.2
"Marion, MS",28091,49.9
"Marshall, MS",28093,52.6
"Monroe, MS",28095,48.3
"Montgomery, MS",28097,26.8
"Neshoba, MS",28099,52.1
"Newton, MS",28101,37.6
"Noxubee, MS",28103,16.6
"Oktibbeha, MS",28105,104
"Panola, MS",28107,50.7
"Pearl River, MS",28109,68.9
"Perry, MS",28111,18.9
"Pike, MS",28113,98.8
"Pontotoc, MS",28115,60.2
"Prentiss, MS",28117,60.9
"Quitman, MS",28119,20.3
"Rankin, MS",28121,182.6
"Scott, MS",28123,46.4
"Sharkey, MS",28125,11.4
"Simpson, MS",28127,46.7
"Smith, MS",28129,25.9
"Stone, MS",28131,39.9
"Sunflower, MS",28133,42.2
"Tallahatchie, MS",28135,23.8
"Tate, MS",28137,71.4
"Tippah, MS",28139,48.6
"Tishomingo, MS",28141,46.2
"Tunica, MS",28143,23.7
"Union, MS",28145,65.3
"Walthall, MS",28147,38.2
"Warren, MS",28149,82.9
"Washington, MS",28151,70.6
"Wayne, MS",28153,25.6
"Webster, MS",28155,24.4
"Wilkinson, MS",28157,14.6
"Winston, MS",28159,31.6
"Yalobusha, MS",28161,27.1
"Yazoo, MS",28163,30.4
MISSOURI,29000,87.1
"Adair, MO",29001,45.1
"Andrew, MO",29003,40
"Atchison, MO",29005,10.4
"Audrain, MO",29007,36.9
"Barry, MO",29009,45.7
"Barton, MO",29011,21
"Bates, MO",29013,20.4
"Benton, MO",29015,27.1
"Bollinger, MO",29017,20
"Boone, MO",29019,237.3
"Buchanan, MO",29021,218.6
"Butler, MO",29023,61.6
"Caldwell, MO",29025,22.1
"Callaway, MO",29027,53.1
"Camden, MO",29029,67.1
"Cape Girardeau, MO",29031,130.8
"Carroll, MO",29033,13.4
"Carter, MO",29035,12.3
"Cass, MO",29037,142.8
"Cedar, MO",29039,29.5
"Chariton, MO",29041,10.4
"Christian, MO",29043,137.6
"Clark, MO",29045,14.1
"Clay, MO",29047,558.6
"Clinton, MO",29049,49.5
"Cole, MO",29051,193
"Cooper, MO",29053,31.2
"Crawford, MO",29055,33.3
"Dade, MO",29057,16.1
"Dallas, MO",29059,31
"Daviess, MO",29061,15
"DeKalb, MO",29063,30.6
"Dent, MO",29065,20.8
"Douglas, MO",29067,16.8
"Dunklin, MO",29069,59.1
"Franklin, MO",29071,110
"Gasconade, MO",29073,29.4
"Gentry, MO",29075,13.7
"Greene, MO",29077,407.5
"Grundy, MO",29079,23.6
"Harrison, MO",29081,12.4
"Henry, MO",29083,32
"Hickory, MO",29085,24.1
"Holt, MO",29087,10.6
"Howard, MO",29089,21.9
"Howell, MO",29091,43.6
"Iron, MO",29093,19.3
"Jackson, MO",29095,1115.3
"Jasper, MO",29097,183.9
"Jefferson, MO",29099,333.1
"Johnson, MO",29101,63.4
"Knox, MO",29103,8.2
"Laclede, MO",29105,46.5
"Lafayette, MO",29107,53.1
"Lawrence, MO",29109,63.2
"Lewis, MO",29111,20.2
"Lincoln, MO",29113,83.9
"Linn, MO",29115,20.7
"Livingston, MO",29117,28.5
"McDonald, MO",29119,42.8
"Macon, MO",29121,19.4
"Madison, MO",29123,24.7
"Maries, MO",29125,17.4
"Marion, MO",29127,65.9
"Mercer, MO",29129,8.3
"Miller, MO",29131,41.8
"Mississippi, MO",29133,34.9
"Moniteau, MO",29135,37.6
"Monroe, MO",29137,13.6
"Montgomery, MO",29139,22.8
"Morgan, MO",29141,34.4
"New Madrid, MO",29143,28.1
"Newton, MO",29145,93
"Nodaway, MO",29147,26.6
"Oregon, MO",29149,13.8
"Osage, MO",29151,23
"Ozark, MO",29153,13.1
"Pemiscot, MO",29155,37.1
"Perry, MO",29157,40
"Pettis, MO",29159,61.9
"Phelps, MO",29161,67.2
"Pike, MO",29163,27.6
"Platte, MO",29165,212.6
"Polk, MO",29167,49
"Pulaski, MO",29169,95.5
"Putnam, MO",29171,9.6
"Ralls, MO",29173,21.6
"Randolph, MO",29175,52.7
"Ray, MO",29177,41.3
"Reynolds, MO",29179,8.3
"Ripley, MO",29181,22.4
"St. Charles, MO",29183,643.2
"St. Clair, MO",29185,14.6
"Ste. Genevieve, MO",29186,36.4
"St. Francois, MO",29187,144.6
"St. Louis, MO",29189,1967.2
"Saline, MO",29195,30.9
"Schuyler, MO",29197,14.4
"Scotland, MO",29199,11.1
"Scott, MO",29201,93.3
"Shannon, MO",29203,8.4
"Shelby, MO",29205,12.7
"Stoddard, MO",29207,36.4
"Stone, MO",29209,69.4
"Sullivan, MO",29211,10.4
"Taney, MO",29213,81.7
"Texas, MO",29215,22.1
"Vernon, MO",29217,25.6
"Warren, MO",29219,75.9
"Washington, MO",29221,33.2
"Wayne, MO",29223,17.8
"Webster, MO",29225,61.1
"Worth, MO",29227,8.1
"Wright, MO",29229,27.6
"St. Louis city, MO",29510,5157.5
MONTANA,30000,6.8
"Beaverhead, MT",30001,1.7
"Big Horn, MT",30003,2.6
"Blaine, MT",30005,1.5
"Broadwater, MT",30007,4.7
"Carbon, MT",30009,4.9
"Carter, MT",30011,0.3
"Cascade, MT",30013,30.1
"Chouteau, MT",30015,1.5
"Custer, MT",30017,3.1
"Daniels, MT",30019,1.2
"Dawson, MT",30021,3.8
"Deer Lodge, MT",30023,12.6
"Fallon, MT",30025,1.8
"Fergus, MT",30027,2.7
"Flathead, MT",30029,17.9
"Gallatin, MT",30031,34.4
"Garfield, MT",30033,0.3
"Glacier, MT",30035,4.5
"Golden Valley, MT",30037,0.8
"Granite, MT",30039,1.8
"Hill, MT",30041,5.6
"Jefferson, MT",30043,6.9
"Judith Basin, MT",30045,1.1
"Lake, MT",30047,19.3
"Lewis and Clark, MT",30049,18.3
"Liberty, MT",30051,1.6
"Lincoln, MT",30053,5.4
"McCone, MT",30055,0.7
"Madison, MT",30057,2.1
"Meagher, MT",30059,0.8
"Mineral, MT",30061,3.5
"Missoula, MT",30063,42.1
"Musselshell, MT",30065,2.4
"Park, MT",30067,5.6
"Petroleum, MT",30069,0.3
"Phillips, MT",30071,0.8
"Pondera, MT",30073,3.8
"Powder River, MT",30075,0.5
"Powell, MT",30077,3
"Prairie, MT",30079,0.7
"Ravalli, MT",30081,16.8
"Richland, MT",30083,4.7
"Roosevelt, MT",30085,4.4
"Rosebud, MT",30087,1.8
"Sanders, MT",30089,4.1
"Sheridan, MT",30091,2
"Silver Bow, MT",30093,47.6
"Stillwater, MT",30095,5.1
"Sweet Grass, MT",30097,2
"Teton, MT",30099,2.7
"Toole, MT",30101,2.8
"Treasure, MT",30103,0.7
"Valley, MT",30105,1.5
"Wheatland, MT",30107,1.5
"Wibaux, MT",30109,1.1
"Yellowstone, MT",30111,56.2
"Yellowstone National Park, MT",30113,0
NEBRASKA,31000,23.8
"Adams, NE",31001,55.7
"Antelope, NE",31003,7.8
"Arthur, NE",31005,0.6
"Banner, NE",31007,0.9
"Blaine, NE",31009,0.7
"Boone, NE",31011,8
"Box Butte, NE",31013,10.5
"Boyd, NE",31015,3.9
"Brown, NE",31017,2.6
"Buffalo, NE",31019,47.6
"Burt, NE",31021,14
"Butler, NE",31023,14.4
"Cass, NE",31025,45.3
"Cedar, NE",31027,12
"Chase, NE",31029,4.4
"Cherry, NE",31031,1
"Cheyenne, NE",31033,8.4
"Clay, NE",31035,11.4
"Colfax, NE",31037,25.5
"Cuming, NE",31039,16
"Custer, NE",31041,4.2
"Dakota, NE",31043,79.5
"Dawes, NE",31045,6.6
"Dawson, NE",31047,24
"Deuel, NE",31049,4.4
"Dixon, NE",31051,12.6
"Dodge, NE",31053,69.4
"Douglas, NE",31055,1574.4
"Dundy, NE",31057,2.2
"Fillmore, NE",31059,10.2
"Franklin, NE",31061,5.6
"Frontier, NE",31063,2.8
"Furnas, NE",31065,6.9
"Gage, NE",31067,26.2
"Garden, NE",31069,1.2
"Garfield, NE",31071,3.6
"Gosper, NE",31073,4.5
"Grant, NE",31075,0.8
"Greeley, NE",31077,4.5
"Hall, NE",31079,107.3
"Hamilton, NE",31081,16.8
"Harlan, NE",31083,6.2
"Hayes, NE",31085,1.4
"Hitchcock, NE",31087,4.1
"Holt, NE",31089,4.3
"Hooker, NE",31091,1
"Howard, NE",31093,11
"Jefferson, NE",31095,13.2
"Johnson, NE",31097,13.9
"Kearney, NE",31099,12.6
"Keith, NE",31101,7.9
"Keya Paha, NE",31103,1.1
"Kimball, NE",31105,4
"Knox, NE",31107,7.9
"Lancaster, NE",31109,340.8
"Lincoln, NE",31111,14.2
"Logan, NE",31113,1.3
"Loup, NE",31115,1.1
"McPherson, NE",31117,0.6
"Madison, NE",31119,60.9
"Merrick, NE",31121,16.2
"Morrill, NE",31123,3.5
"Nance, NE",31125,8.5
"Nemaha, NE",31127,17.8
"Nuckolls, NE",31129,7.8
"Otoe, NE",31131,25.6
"Pawnee, NE",31133,6.4
"Perkins, NE",31135,3.4
"Phelps, NE",31137,17
"Pierce, NE",31139,12.7
"Platte, NE",31141,47.8
"Polk, NE",31143,12.3
"Red Willow, NE",31145,15.4
"Richardson, NE",31147,15.2
"Rock, NE",31149,1.5
"Saline, NE",31151,24.7
"Sarpy, NE",31153,664.6
"Saunders, NE",31155,27.7
"Scotts Bluff, NE",31157,50
"Seward, NE",31159,29.3
"Sheridan, NE",31161,2.2
"Sherman, NE",31163,5.6
"Sioux, NE",31165,0.6
"Stanton, NE",31167,14.3
"Thayer, NE",31169,9.1
"Thomas, NE",31171,0.9
"Thurston, NE",31173,17.6
"Valley, NE",31175,7.5
"Washington, NE",31177,51.9
"Wayne, NE",31179,21.7
"Webster, NE",31181,6.6
"Wheeler, NE",31183,1.4
"York, NE",31185,23.9
NEVADA,32000,24.6
"Churchill, NV",32001,5
"Clark, NV",32003,247.3
"Douglas, NV",32005,66.2
"Elko, NV",32007,2.8
"Esmeralda, NV",32009,0.2
"Eureka, NV",32011,0.5
"Humboldt, NV",32013,1.7
"Lander, NV",32015,1.1
"Lincoln, NV",32017,0.5
"Lyon, NV",32019,26
"Mineral, NV",32021,1.3
"Nye, NV",32023,2.4
"Pershing, NV",32027,1.1
"Storey, NV",32029,15.3
"Washoe, NV",32031,66.9
"White Pine, NV",32033,1.1
"Carson City city, NV",32510,382.1
NEW HAMPSHIRE,33000,147
"Belknap, NH",33001,150.1
"Carroll, NH",33003,51.4
"Cheshire, NH",33005,109.1
"Coos, NH",33007,18.4
"Grafton, NH",33009,52.2
"Hillsborough, NH",33011,457.4
"Merrimack, NH",33013,156.8
"Rockingham, NH",33015,425
"Strafford, NH",33017,333.7
"Sullivan, NH",33019,81.4
NEW JERSEY,34000,1195.5
"Atlantic, NJ",34001,494.1
"Bergen, NJ",34003,3884.5
"Burlington, NJ",34005,561.9
"Camden, NJ",34007,2321.5
"Cape May, NJ",34009,386.9
"Cumberland, NJ",34011,324.4
"Essex, NJ",34013,6211.5
"Gloucester, NJ",34015,895.3
"Hudson, NJ",34017,13731.4
"Hunterdon, NJ",34019,300
"Mercer, NJ",34021,1632.2
"Middlesex, NJ",34023,2621.6
"Monmouth, NJ",34025,1344.7
"Morris, NJ",34027,1069.8
"Ocean, NJ",34029,917
"Passaic, NJ",34031,2715.3
"Salem, NJ",34033,199.1
"Somerset, NJ",34035,1071.7
"Sussex, NJ",34037,287.6
"Union, NJ",34039,5216.1
"Warren, NJ",34041,304.5
NEW MEXICO,35000,17
"Bernalillo, NM",35001,570.8
"Catron, NM",35003,0.5
"Chaves, NM",35005,10.8
"Cibola, NM",35006,6
"Colfax, NM",35007,3.7
"Curry, NM",35009,34.4
"De Baca, NM",35011,0.9
"Dona Ana, NM",35013,55
"Eddy, NM",35015,12.9
"Grant, NM",35017,7.4
"Guadalupe, NM",35019,1.5
"Harding, NM",35021,0.3
"Hidalgo, NM",35023,1.4
"Lea, NM",35025,14.7
"Lincoln, NM",35027,4.2
"Los Alamos, NM",35028,164.4
"Luna, NM",35029,8.5
"McKinley, NM",35031,13.1
"Mora, NM",35033,2.5
"Otero, NM",35035,9.6
"Quay, NM",35037,3.1
"Rio Arriba, NM",35039,6.9
"Roosevelt, NM",35041,8.1
"Sandoval, NM",35043,35.5
"San Juan, NM",35045,23.6
"San Miguel, NM",35047,6.2
"Santa Fe, NM",35049,75.5
"Sierra, NM",35051,2.9
"Socorro, NM",35053,2.7
"Taos, NM",35055,15
"Torrance, NM",35057,4.9
"Union, NM",35059,1.2
"Valencia, NM",35061,71.8
NEW YORK,36000,411.2
"Albany, NY",36001,581.9
"Allegany, NY",36003,47.6
"Bronx, NY",36005,32903.6
"Broome, NY",36007,284.2
"Cattaraugus, NY",36009,61.4
"Cayuga, NY",36011,115.7
"Chautauqua, NY",36013,127.2
"Chemung, NY",36015,218.1
"Chenango, NY",36017,56.5
"Clinton, NY",36019,79.1
"Columbia, NY",36021,99.4
"Cortland, NY",36023,98.9
"Delaware, NY",36025,33.3
"Dutchess, NY",36027,373.9
"Erie, NY",36029,881.4
"Essex, NY",36031,21.9
"Franklin, NY",36033,31.7
"Fulton, NY",36035,112.1
"Genesee, NY",36037,121.9
"Greene, NY",36039,76.1
"Hamilton, NY",36041,2.8
"Herkimer, NY",36043,45.7
"Jefferson, NY",36045,91.6
"Kings, NY",36047,35369.1
"Lewis, NY",36049,21.3
"Livingston, NY",36051,103.5
"Madison, NY",36053,112.2
"Monroe, NY",36055,1132.6
"Montgomery, NY",36057,124.6
"Nassau, NY",36059,4704.8
"New York, NY",36061,69467.5
"Niagara, NY",36063,414.4
"Oneida, NY",36065,193.7
"Onondaga, NY",36067,600
"Ontario, NY",36069,167.6
"Orange, NY",36071,459.3
"Orleans, NY",36073,109.6
"Oswego, NY",36075,128.3
"Otsego, NY",36077,62.2
"Putnam, NY",36079,432.9
"Queens, NY",36081,20553.6
"Rensselaer, NY",36083,244.4
"Richmond, NY",36085,8030.3
"Rockland, NY",36087,1795.9
"St. Lawrence, NY",36089,41.8
"Saratoga, NY",36091,271.1
"Schenectady, NY",36093,756.6
"Schoharie, NY",36095,52.7
"Schuyler, NY",36097,55.9
"Seneca, NY",36099,108.9
"Steuben, NY",36101,71.2
"Suffolk, NY",36103,1637.4
"Sullivan, NY",36105,80.1
"Tioga, NY",36107,98.6
"Tompkins, NY",36109,214
"Ulster, NY",36111,162.3
"Warren, NY",36113,75.8
"Washington, NY",36115,76.1
"Wayne, NY",36117,155.3
"Westchester, NY",36119,2204.7
"Wyoming, NY",36121,71.1
"Yates, NY",36123,75
NORTH CAROLINA,37000,196.1
"Alamance, NC",37001,356.5
"Alexander, NC",37003,143.1
"Alleghany, NC",37005,47.5
"Anson, NC",37007,50.7
"Ashe, NC",37009,64
"Avery, NC",37011,72
"Beaufort, NC",37013,57.7
"Bertie, NC",37015,30.4
"Bladen, NC",37017,40.2
"Brunswick, NC",37019,126.8
"Buncombe, NC",37021,362.9
"Burke, NC",37023,179.3
"Cabarrus, NC",37025,492.1
"Caldwell, NC",37027,176.1
"Camden, NC",37029,41.5
"Carteret, NC",37031,131.3
"Caswell, NC",37033,55.8
"Catawba, NC",37035,387.1
"Chatham, NC",37037,93.1
"Cherokee, NC",37039,60.3
"Chowan, NC",37041,85.8
"Clay, NC",37043,49.3
"Cleveland, NC",37045,211.3
"Columbus, NC",37047,62
"Craven, NC",37049,146
"Cumberland, NC",37051,489.7
"Currituck, NC",37053,89.9
"Dare, NC",37055,88.5
"Davidson, NC",37057,294.7
"Davie, NC",37059,156.2
"Duplin, NC",37061,71.7
"Durham, NC",37063,935.7
"Edgecombe, NC",37065,111.9
"Forsyth, NC",37067,859.2
"Franklin, NC",37069,123.3
"Gaston, NC",37071,578.8
"Gates, NC",37073,35.8
"Graham, NC",37075,30.3
"Granville, NC",37077,112.7
"Greene, NC",37079,80.3
"Guilford, NC",37081,756.4
"Halifax, NC",37083,75.5
"Harnett, NC",37085,192.7
"Haywood, NC",37087,106.6
"Henderson, NC",37089,286.1
"Hertford, NC",37091,69.9
"Hoke, NC",37093,120.2
"Hyde, NC",37095,9.5
"Iredell, NC",37097,277.8
"Jackson, NC",37099,82.1
"Johnston, NC",37101,213.4
"Jones, NC",37103,21.6
"Lee, NC",37105,227
"Lenoir, NC",37107,148.5
"Lincoln, NC",37109,262.7
"McDowell, NC",37111,102.1
"Macon, NC",37113,65.8
"Madison, NC",37115,46.2
"Martin, NC",37117,53.1
"Mecklenburg, NC",37119,1755.5
"Mitchell, NC",37121,70.4
"Montgomery, NC",37123,56.5
"Moore, NC",37125,126.5
"Nash, NC",37127,177.3
"New Hanover, NC",37129,1058.1
"Northampton, NC",37131,41.2
"Onslow, NC",37133,233.1
"Orange, NC",37135,336.2
"Pamlico, NC",37137,39.1
"Pasquotank, NC",37139,179.2
"Pender, NC",37141,60
"Perquimans, NC",37143,54.4
"Person, NC",37145,100.6
"Pitt, NC",37147,257.9
"Polk, NC",37149,86.3
"Randolph, NC",37151,181.1
"Richmond, NC",37153,98.4
"Robeson, NC",37155,141.3
"Rockingham, NC",37157,165.6
"Rowan, NC",37159,270.7
"Rutherford, NC",37161,120.2
"Sampson, NC",37163,67.1
"Scotland, NC",37165,113.4
"Stanly, NC",37167,153.3
"Stokes, NC",37169,105.6
"Surry, NC",37171,138.4
"Swain, NC",37173,26.5
"Transylvania, NC",37175,87.4
"Tyrrell, NC",37177,11.3
"Union, NC",37179,318.7
"Vance, NC",37181,179.2
"Wake, NC",37183,1078.8
"Warren, NC",37185,48.9
"Washington, NC",37187,38
"Watauga, NC",37189,163.4
"Wayne, NC",37191,221.7
"Wilkes, NC",37193,91.9
"Wilson, NC",37195,220.6
"Yadkin, NC",37197,114.7
"Yancey, NC",37199,57
NORTH DAKOTA,38000,9.7
"Adams, ND",38001,2.4
"Barnes, ND",38003,7.4
"Benson, ND",38005,4.8
"Billings, ND",38007,0.7
"Bottineau, ND",38009,3.9
"Bowman, ND",38011,2.7
"Burke, ND",38013,1.8
"Burleigh, ND",38015,49.8
"Cass, ND",38017,84.9
"Cavalier, ND",38019,2.7
"Dickey, ND",38021,4.7
"Divide, ND",38023,1.6
"Dunn, ND",38025,1.8
"Eddy, ND",38027,3.8
"Emmons, ND",38029,2.4
"Foster, ND",38031,5.3
"Golden Valley, ND",38033,1.7
"Grand Forks, ND",38035,46.5
"Grant, ND",38037,1.4
"Griggs, ND",38039,3.4
"Hettinger, ND",38041,2.2
"Kidder, ND",38043,1.8
"LaMoure, ND",38045,3.6
"Logan, ND",38047,2
"McHenry, ND",38049,2.9
"McIntosh, ND",38051,2.9
"McKenzie, ND",38053,2.3
"McLean, ND",38055,4.2
"Mercer, ND",38057,8.1
"Morton, ND",38059,14.3
"Mountrail, ND",38061,4.2
"Nelson, ND",38063,3.2
"Oliver, ND",38065,2.6
"Pembina, ND",38067,6.6
"Pierce, ND",38069,4.3
"Ramsey, ND",38071,9.6
"Ransom, ND",38073,6.3
"Renville, ND",38075,2.8
"Richland, ND",38077,11.4
"Rolette, ND",38079,15.4
"Sargent, ND",38081,4.5
"Sheridan, ND",38083,1.4
"Sioux, ND",38085,3.8
"Slope, ND",38087,0.6
"Stark, ND",38089,18.1
"Steele, ND",38091,2.8
"Stutsman, ND",38093,9.5
"Towner, ND",38095,2.2
"Traill, ND",38097,9.4
"Walsh, ND",38099,8.7
"Ward, ND",38101,30.6
"Wells, ND",38103,3.3
"Williams, ND",38105,10.8
OHIO,39000,282.3
"Adams, OH",39001,48.9
"Allen, OH",39003,264.2
"Ashland, OH",39005,125.6
"Ashtabula, OH",39007,144.6
"Athens, OH",39009,128.6
"Auglaize, OH",39011,114.5
"Belmont, OH",39013,132.3
"Brown, OH",39015,91.5
"Butler, OH",39017,788.2
"Carroll, OH",39019,73.1
"Champaign, OH",39021,93.5
"Clark, OH",39023,348
"Clermont, OH",39025,436.5
"Clinton, OH",39027,102.9
"Columbiana, OH",39029,202.7
"Coshocton, OH",39031,65.4
"Crawford, OH",39033,109
"Cuyahoga, OH",39035,2800
"Darke, OH",39037,88.5
"Defiance, OH",39039,94.9
"Delaware, OH",39041,393.2
"Erie, OH",39043,306.4
"Fairfield, OH",39045,289.8
"Fayette, OH",39047,71.4
"Franklin, OH",39049,2186.1
"Fulton, OH",39051,105.3
"Gallia, OH",39053,66.3
"Geauga, OH",39055,233.4
"Greene, OH",39057,390.5
"Guernsey, OH",39059,76.8
"Hamilton, OH",39061,1976.7
"Hancock, OH",39063,140.7
"Hardin, OH",39065,68.1
"Harrison, OH",39067,39.4
"Henry, OH",39069,67.8
"Highland, OH",39071,78.8
"Hocking, OH",39073,69.7
"Holmes, OH",39075,100.3
"Huron, OH",39077,121.3
"Jackson, OH",39079,79
"Jefferson, OH",39081,170.7
"Knox, OH",39083,115.9
"Lake, OH",39085,1011.2
"Lawrence, OH",39087,137.7
"Licking, OH",39089,243.9
"Logan, OH",39091,100
"Lorain, OH",39093,613.6
"Lucas, OH",39095,1296.2
"Madison, OH",39097,93.2
"Mahoning, OH",39099,580.2
"Marion, OH",39101,164.7
"Medina, OH",39103,409
"Meigs, OH",39105,55.3
"Mercer, OH",39107,88.3
"Miami, OH",39109,252.1
"Monroe, OH",39111,32.1
"Montgomery, OH",39113,1159.5
"Morgan, OH",39115,36.2
"Morrow, OH",39117,85.8
"Muskingum, OH",39119,129.5
"Noble, OH",39121,36.8
"Ottawa, OH",39123,162.5
"Paulding, OH",39125,47.1
"Perry, OH",39127,88.4
"Pickaway, OH",39129,111.1
"Pike, OH",39131,65.2
"Portage, OH",39133,331.2
"Preble, OH",39135,99.7
"Putnam, OH",39137,71.5
"Richland, OH",39139,251.3
"Ross, OH",39141,113.3
"Sandusky, OH",39143,149.2
"Scioto, OH",39145,130.3
"Seneca, OH",39147,103
"Shelby, OH",39149,121.2
"Stark, OH",39151,652.9
"Summit, OH",39153,1312.6
"Trumbull, OH",39155,340.1
"Tuscarawas, OH",39157,163.1
"Union, OH",39159,121.1
"Van Wert, OH",39161,70.3
"Vinton, OH",39163,32.6
"Warren, OH",39165,530
"Washington, OH",39167,97.8
"Wayne, OH",39169,206.4
"Williams, OH",39171,89.4
"Wood, OH",39173,203.3
"Wyandot, OH",39175,55.6
OKLAHOMA,40000,54.7
"Adair, OK",40001,39.6
"Alfalfa, OK",40003,6.5
"Atoka, OK",40005,14.5
"Beaver, OK",40007,3.1
"Beckham, OK",40009,24.5
"Blaine, OK",40011,12.9
"Bryan, OK",40013,46.9
"Caddo, OK",40015,23.2
"Canadian, OK",40017,128.9
"Carter, OK",40019,57.8
"Cherokee, OK",40021,62.7
"Choctaw, OK",40023,19.7
"Cimarron, OK",40025,1.3
"Cleveland, OK",40027,474.7
"Coal, OK",40029,11.5
"Comanche, OK",40031,116.1
"Cotton, OK",40033,9.8
"Craig, OK",40035,19.7
"Creek, OK",40037,73.6
"Custer, OK",40039,27.8
"Delaware, OK",40041,56.2
"Dewey, OK",40043,4.8
"Ellis, OK",40045,3.4
"Garfield, OK",40047,57.2
"Garvin, OK",40049,34.4
"Grady, OK",40051,47.6
"Grant, OK",40053,4.5
"Greer, OK",40055,9.8
"Harmon, OK",40057,5.4
"Harper, OK",40059,3.5
"Haskell, OK",40061,22.1
"Hughes, OK",40063,17.4
"Jackson, OK",40065,32.9
"Jefferson, OK",40067,8.5
"Johnston, OK",40069,17
"Kay, OK",40071,50.6
"Kingfisher, OK",40073,16.7
"Kiowa, OK",40075,9.3
"Latimer, OK",40077,15.4
"Le Flore, OK",40079,31.7
"Lincoln, OK",40081,36
"Logan, OK",40083,56.3
"Love, OK",40085,18.3
"McClain, OK",40087,60.5
"McCurtain, OK",40089,17.9
"McIntosh, OK",40091,32.7
"Major, OK",40093,7.9
"Marshall, OK",40095,42.7
"Mayes, OK",40097,63
"Murray, OK",40099,32.4
"Muskogee, OK",40101,87.6
"Noble, OK",40103,15.8
"Nowata, OK",40105,18.6
"Okfuskee, OK",40107,19.7
"Oklahoma, OK",40109,1013.8
"Okmulgee, OK",40111,57.5
"Osage, OK",40113,21.1
"Ottawa, OK",40115,67.6
"Pawnee, OK",40117,29.2
"Payne, OK",40119,113
"Pittsburg, OK",40121,35.1
"Pontotoc, OK",40123,52
"Pottawatomie, OK",40125,88.2
"Pushmataha, OK",40127,8.3
"Roger Mills, OK",40129,3.2
"Rogers, OK",40131,128.6
"Seminole, OK",40133,40.3
"Sequoyah, OK",40135,63
"Stephens, OK",40137,51.8
"Texas, OK",40139,10.1
"Tillman, OK",40141,9.2
"Tulsa, OK",40143,1058.1
"Wagoner, OK",40145,130.1
"Washington, OK",40147,122.7
"Washita, OK",40149,11.6
"Woods, OK",40151,6.9
"Woodward, OK",40153,16.2
OREGON,41000,39.9
"Baker, OR",41001,5.3
"Benton, OR",41003,126.6
"Clackamas, OR",41005,201
"Clatsop, OR",41007,44.7
"Columbia, OR",41009,75.1
"Coos, OR",41011,39.5
"Crook, OR",41013,7
"Curry, OR",41015,13.7
"Deschutes, OR",41017,52.3
"Douglas, OR",41019,21.4
"Gilliam, OR",41021,1.6
"Grant, OR",41023,1.6
"Harney, OR",41025,0.7
"Hood River, OR",41027,42.8
"Jackson, OR",41029,73
"Jefferson, OR",41031,12.2
"Josephine, OR",41033,50.4
"Klamath, OR",41035,11.2
"Lake, OR",41037,1
"Lane, OR",41039,77.2
"Lincoln, OR",41041,47
"Linn, OR",41043,50.9
"Malheur, OR",41045,3.2
"Marion, OR",41047,266.7
"Morrow, OR",41049,5.5
"Multnomah, OR",41051,1704.9
"Polk, OR",41053,101.8
"Sherman, OR",41055,2.1
"Tillamook, OR",41057,22.9
"Umatilla, OR",41059,23.6
"Union, OR",41061,12.6
"Wallowa, OR",41063,2.2
"Wasco, OR",41065,10.6
"Washington, OR",41067,731.4
"Wheeler, OR",41069,0.8
"Yamhill, OR",41071,138.6
PENNSYLVANIA,42000,283.9
"Adams, PA",42001,195.5
"Allegheny, PA",42003,1675.6
"Armstrong, PA",42005,105.5
"Beaver, PA",42007,392.3
"Bedford, PA",42009,49.2
"Berks, PA",42011,480.4
"Blair, PA",42013,241.7
"Bradford, PA",42015,54.6
"Bucks, PA",42017,1034.7
"Butler, PA",42019,233.1
"Cambria, PA",42021,208.7
"Cameron, PA",42023,12.8
"Carbon, PA",42025,171.1
"Centre, PA",42027,138.7
"Chester, PA",42029,664.7
"Clarion, PA",42031,66.6
"Clearfield, PA",42033,71.3
"Clinton, PA",42035,44.2
"Columbia, PA",42037,139.3
"Crawford, PA",42039,87.7
"Cumberland, PA",42041,431.6
"Dauphin, PA",42043,510.6
"Delaware, PA",42045,3040.5
"Elk, PA",42047,38.6
"Erie, PA",42049,351.1
"Fayette, PA",42051,172.8
"Forest, PA",42053,18.1
"Franklin, PA",42055,193.7
"Fulton, PA",42057,33.9
"Greene, PA",42059,67.2
"Huntingdon, PA",42061,52.5
"Indiana, PA",42063,107.5
"Jefferson, PA",42065,69.3
"Juniata, PA",42067,63
"Lackawanna, PA",42069,467.1
"Lancaster, PA",42071,550.4
"Lawrence, PA",42073,254.4
"Lebanon, PA",42075,369.1
"Lehigh, PA",42077,1012.5
"Luzerne, PA",42079,360.4
"Lycoming, PA",42081,94.5
"McKean, PA",42083,44.4
"Mercer, PA",42085,173.4
"Mifflin, PA",42087,113.6
"Monroe, PA",42089,279.2
"Montgomery, PA",42091,1655.9
"Montour, PA",42093,140.3
"Northampton, PA",42095,805.4
"Northumberland, PA",42097,206.2
"Perry, PA",42099,83.4
"Philadelphia, PA",42101,11379.5
"Pike, PA",42103,105.3
"Potter, PA",42105,16.1
"Schuylkill, PA",42107,190.4
"Snyder, PA",42109,120.8
"Somerset, PA",42111,72.4
"Sullivan, PA",42113,14.3
"Susquehanna, PA",42115,52.7
"Tioga, PA",42117,37
"Union, PA",42119,142.2
"Venango, PA",42121,81.5
"Warren, PA",42123,47.3
"Washington, PA",42125,242.5
"Wayne, PA",42127,72.8
"Westmoreland, PA",42129,355.4
"Wyoming, PA",42131,71.2
"York, PA",42133,481.1
RHODE ISLAND,44000,1018.1
"Bristol, RI",44001,2064
"Kent, RI",44003,985.9
"Newport, RI",44005,809.6
"Providence, RI",44007,1530.3
"Washington, RI",44009,385.7
SOUTH CAROLINA,45000,153.9
"Abbeville, SC",45001,51.8
"Aiken, SC",45003,149.5
"Allendale, SC",45005,25.5
"Anderson, SC",45007,261.6
"Bamberg, SC",45009,40.6
"Barnwell, SC",45011,41.2
"Beaufort, SC",45013,281.5
"Berkeley, SC",45015,161.8
"Calhoun, SC",45017,39.8
"Charleston, SC",45019,382.3
"Cherokee, SC",45021,140.9
"Chester, SC",45023,57.1
"Chesterfield, SC",45025,58.5
"Clarendon, SC",45027,57.6
"Colleton, SC",45029,36.8
"Darlington, SC",45031,122.4
"Dillon, SC",45033,79.2
"Dorchester, SC",45035,238.2
"Edgefield, SC",45037,53.9
"Fairfield, SC",45039,34.9
"Florence, SC",45041,171.1
"Georgetown, SC",45043,73.9
"Greenville, SC",45045,574.7
"Greenwood, SC",45047,153.2
"Hampton, SC",45049,37.7
"Horry, SC",45051,237.5
"Jasper, SC",45053,37.8
"Kershaw, SC",45055,84.9
"Lancaster, SC",45057,139.6
"Laurens, SC",45059,93.2
"Lee, SC",45061,46.9
"Lexington, SC",45063,375.4
"McCormick, SC",45065,28.5
"Marion, SC",45067,67.6
"Marlboro, SC",45069,60.3
"Newberry, SC",45071,59.5
"Oconee, SC",45073,118.6
"Orangeburg, SC",45075,83.6
"Pickens, SC",45077,240.2
"Richland, SC",45079,507.9
"Saluda, SC",45081,43.9
"Spartanburg, SC",45083,351.9
"Sumter, SC",45085,161.6
"Union, SC",45087,56.3
"Williamsburg, SC",45089,36.8
"York, SC",45091,332.2
SOUTH DAKOTA,46000,10.7
"Aurora, SD",46003,3.8
"Beadle, SD",46005,13.8
"Bennett, SD",46007,2.9
"Bon Homme, SD",46009,12.5
"Brookings, SD",46011,40.3
"Brown, SD",46013,21.3
"Brule, SD",46015,6.4
"Buffalo, SD",46017,4.1
"Butte, SD",46019,4.5
"Campbell, SD",46021,2
"Charles Mix, SD",46023,8.3
"Clark, SD",46025,3.9
"Clay, SD",46027,33.6
"Codington, SD",46029,39.5
"Corson, SD",46031,1.6
"Custer, SD",46033,5.3
"Davison, SD",46035,44.8
"Day, SD",46037,5.6
"Deuel, SD",46039,7
"Dewey, SD",46041,2.3
"Douglas, SD",46043,7
"Edmunds, SD",46045,3.6
"Fall River, SD",46047,4.1
"Faulk, SD",46049,2.4
"Grant, SD",46051,10.8
"Gregory, SD",46053,4.2
"Haakon, SD",46055,1.1
"Hamlin, SD",46057,11.6
"Hand, SD",46059,2.4
"Hanson, SD",46061,7.7
"Harding, SD",46063,0.5
"Hughes, SD",46065,23
"Hutchinson, SD",46067,9
"Hyde, SD",46069,1.7
"Jackson, SD",46071,1.6
"Jerauld, SD",46073,3.9
"Jones, SD",46075,1
"Kingsbury, SD",46077,6.2
"Lake, SD",46079,19.9
"Lawrence, SD",46081,30.1
"Lincoln, SD",46083,77.7
"Lyman, SD",46085,2.3
"McCook, SD",46087,9.8
"McPherson, SD",46089,2.2
"Marshall, SD",46091,5.6
"Meade, SD",46093,7.3
"Mellette, SD",46095,1.6
"Miner, SD",46097,4.2
"Minnehaha, SD",46099,210
"Moody, SD",46101,12.5
"Pennington, SD",46103,36.4
"Perkins, SD",46105,1
"Potter, SD",46107,2.7
"Roberts, SD",46109,9.2
"Sanborn, SD",46111,4.1
"Shannon, SD",46113,6.5
"Spink, SD",46115,4.3
"Stanley, SD",46117,2.1
"Sully, SD",46119,1.4
"Todd, SD",46121,6.9
"Tripp, SD",46123,3.5
"Turner, SD",46125,13.5
"Union, SD",46127,31.3
"Walworth, SD",46129,7.7
"Yankton, SD",46135,43.1
"Ziebach, SD",46137,1.4
TENNESSEE,47000,153.9
"Anderson, TN",47001,222.8
"Bedford, TN",47003,95.1
"Benton, TN",47005,41.8
"Bledsoe, TN",47007,31.7
"Blount, TN",47009,220.2
"Bradley, TN",47011,301
"Campbell, TN",47013,84.8
"Cannon, TN",47015,52
"Carroll, TN",47017,47.6
"Carter, TN",47019,168.3
"Cheatham, TN",47021,129.3
"Chester, TN",47023,60
"Claiborne, TN",47025,74.1
"Clay, TN",47027,33.2
"Cocke, TN",47029,82.1
"Coffee, TN",47031,123.1
"Crockett, TN",47033,54.9
"Cumberland, TN",47035,82.3
"Davidson, TN",47037,1243.3
"Decatur, TN",47039,35.2
"DeKalb, TN",47041,61.5
"Dickson, TN",47043,101.4
"Dyer, TN",47045,74.8
"Fayette, TN",47047,54.5
"Fentress, TN",47049,36
"Franklin, TN",47051,74
"Gibson, TN",47053,82.4
"Giles, TN",47055,48.3
"Grainger, TN",47057,80.7
"Greene, TN",47059,110.6
"Grundy, TN",47061,38
"Hamblen, TN",47063,388
"Hamilton, TN",47065,620.3
"Hancock, TN",47067,30.7
"Hardeman, TN",47069,40.8
"Hardin, TN",47071,45.1
"Hawkins, TN",47073,116.7
"Haywood, TN",47075,35.2
"Henderson, TN",47077,53.4
"Henry, TN",47079,57.5
"Hickman, TN",47081,40.3
"Houston, TN",47083,42.1
"Humphreys, TN",47085,34.9
"Jackson, TN",47087,37.7
"Jefferson, TN",47089,187.6
"Johnson, TN",47091,61.1
"Knox, TN",47093,850.5
"Lake, TN",47095,47.2
"Lauderdale, TN",47097,58.9
"Lawrence, TN",47099,67.8
"Lewis, TN",47101,43.1
"Lincoln, TN",47103,58.5
"Loudon, TN",47105,211.8
"McMinn, TN",47107,121.5
"McNairy, TN",47109,46.3
"Macon, TN",47111,72.4
"Madison, TN",47113,176.4
"Marion, TN",47115,56.7
"Marshall, TN",47117,81.5
"Maury, TN",47119,132
"Meigs, TN",47121,60.2
"Monroe, TN",47123,70
"Montgomery, TN",47125,319.6
"Moore, TN",47127,49.2
"Morgan, TN",47129,42.1
"Obion, TN",47131,58.4
"Overton, TN",47133,50.9
"Perry, TN",47135,19.1
"Pickett, TN",47137,31.2
"Polk, TN",47139,38.7
"Putnam, TN",47141,180.3
"Rhea, TN",47143,100.9
"Roane, TN",47145,150.2
"Robertson, TN",47147,139.2
"Rutherford, TN",47149,424
"Scott, TN",47151,41.8
"Sequatchie, TN",47153,53.1
"Sevier, TN",47155,151.7
"Shelby, TN",47157,1215.5
"Smith, TN",47159,61
"Stewart, TN",47161,29
"Sullivan, TN",47163,379.4
"Sumner, TN",47165,303.4
"Tipton, TN",47167,133.3
"Trousdale, TN",47169,68.9
"Unicoi, TN",47171,98.4
"Union, TN",47173,85.5
"Van Buren, TN",47175,20.3
"Warren, TN",47177,92.1
"Washington, TN",47179,376.7
"Wayne, TN",47181,23.2
"Weakley, TN",47183,60.3
"White, TN",47185,68.6
"Williamson, TN",47187,314.4
"Wilson, TN",47189,199.7
TEXAS,48000,96.3
"Anderson, TX",48001,55
"Andrews, TX",48003,9.9
"Angelina, TX",48005,108.8
"Aransas, TX",48007,91.9
"Archer, TX",48009,10
"Armstrong, TX",48011,2.1
"Atascosa, TX",48013,36.8
"Austin, TX",48015,44
"Bailey, TX",48017,8.7
"Bandera, TX",48019,25.9
"Bastrop, TX",48021,83.5
"Baylor, TX",48023,4.3
"Bee, TX",48025,36.2
"Bell, TX",48027,295.2
"Bexar, TX",48029,1383.1
"Blanco, TX",48031,14.8
"Borden, TX",48033,0.7
"Bosque, TX",48035,18.5
"Bowie, TX",48037,104.6
"Brazoria, TX",48039,230.7
"Brazos, TX",48041,332.8
"Brewster, TX",48043,1.5
"Briscoe, TX",48045,1.8
"Brooks, TX",48047,7.7
"Brown, TX",48049,40.3
"Burleson, TX",48051,26.1
"Burnet, TX",48053,43
"Caldwell, TX",48055,69.8
"Calhoun, TX",48057,42.2
"Callahan, TX",48059,15.1
"Cameron, TX",48061,456
"Camp, TX",48063,63.3
"Carson, TX",48065,6.7
"Cass, TX",48067,32.5
"Castro, TX",48069,9
"Chambers, TX",48071,58.8
"Cherokee, TX",48073,48.3
"Childress, TX",48075,10.1
"Clay, TX",48077,9.9
"Cochran, TX",48079,4
"Coke, TX",48081,3.6
"Coleman, TX",48083,7
"Collin, TX",48085,930
"Collingsworth, TX",48087,3.3
"Colorado, TX",48089,21.7
"Comal, TX",48091,193.9
"Comanche, TX",48093,14.9
"Concho, TX",48095,4.2
"Cooke, TX",48097,43.9
"Coryell, TX",48099,71.7
"Cottle, TX",48101,1.7
"Crane, TX",48103,5.6
"Crockett, TX",48105,1.3
"Crosby, TX",48107,6.7
"Culberson, TX",48109,0.6
"Dallam, TX",48111,4.5
"Dallas, TX",48113,2718
"Dawson, TX",48115,15.4
"Deaf Smith, TX",48117,12.9
"Delta, TX",48119,20.4
"Denton, TX",48121,754.3
"DeWitt, TX",48123,22.1
"Dickens, TX",48125,2.7
"Dimmit, TX",48127,7.5
"Donley, TX",48129,4
"Duval, TX",48131,6.6
"Eastland, TX",48133,20.1
"Ector, TX",48135,152.8
"Edwards, TX",48137,0.9
"Ellis, TX",48139,159.9
"El Paso, TX",48141,790.6
"Erath, TX",48143,35
"Falls, TX",48145,23.3
"Fannin, TX",48147,38.1
"Fayette, TX",48149,25.8
"Fisher, TX",48151,4.4
"Floyd, TX",48153,6.5
"Foard, TX",48155,1.9
"Fort Bend, TX",48157,679.5
"Franklin, TX",48159,37.3
"Freestone, TX",48161,22.6
"Frio, TX",48163,15.2
"Gaines, TX",48165,11.7
"Galveston, TX",48167,769.9
"Garza, TX",48169,7.2
"Gillespie, TX",48171,23.5
"Glasscock, TX",48173,1.4
"Goliad, TX",48175,8.5
"Gonzales, TX",48177,18.6
"Gray, TX",48179,24.3
"Grayson, TX",48181,129.6
"Gregg, TX",48183,445.4
"Grimes, TX",48185,33.8
"Guadalupe, TX",48187,184.9
"Hale, TX",48189,36.1
"Hall, TX",48191,3.8
"Hamilton, TX",48193,10.2
"Hansford, TX",48195,6.1
"Hardeman, TX",48197,6
"Hardin, TX",48199,61.3
"Harris, TX",48201,2402.4
"Harrison, TX",48203,72.9
"Hartley, TX",48205,4.1
"Haskell, TX",48207,6.5
"Hays, TX",48209,231.7
"Hemphill, TX",48211,4.2
"Henderson, TX",48213,89.9
"Hidalgo, TX",48215,493.2
"Hill, TX",48217,36.6
"Hockley, TX",48219,25.2
"Hood, TX",48221,121.7
"Hopkins, TX",48223,45.8
"Houston, TX",48225,19.3
"Howard, TX",48227,38.9
"Hudspeth, TX",48229,0.8
"Hunt, TX",48231,102.5
"Hutchinson, TX",48233,25
"Irion, TX",48235,1.5
"Jack, TX",48237,9.9
"Jackson, TX",48239,17
"Jasper, TX",48241,38
"Jeff Davis, TX",48243,1
"Jefferson, TX",48245,287.9
"Jim Hogg, TX",48247,4.7
"Jim Wells, TX",48249,47.2
"Johnson, TX",48251,208.3
"Jones, TX",48253,21.8
"Karnes, TX",48255,19.8
"Kaufman, TX",48257,132.4
"Kendall, TX",48259,50.4
"Kenedy, TX",48261,0.3
"Kent, TX",48263,0.9
"Kerr, TX",48265,45
"Kimble, TX",48267,3.7
"King, TX",48269,0.3
"Kinney, TX",48271,2.6
"Kleberg, TX",48273,36.4
"Knox, TX",48275,4.4
"Lamar, TX",48277,54.9
"Lamb, TX",48279,13.8
"Lampasas, TX",48281,27.6
"La Salle, TX",48283,4.6
"Lavaca, TX",48285,19.9
"Lee, TX",48287,26.4
"Leon, TX",48289,15.7
"Liberty, TX",48291,65.3
"Limestone, TX",48293,25.8
"Lipscomb, TX",48295,3.5
"Live Oak, TX",48297,11.1
"Llano, TX",48299,20.7
"Loving, TX",48301,0.1
"Lubbock, TX",48303,311.3
"Lynn, TX",48305,6.6
"McCulloch, TX",48307,7.8
"McLennan, TX",48309,226.5
"McMullen, TX",48311,0.6
"Madison, TX",48313,29.3
"Marion, TX",48315,27.7
"Martin, TX",48317,5.2
"Mason, TX",48319,4.3
"Matagorda, TX",48321,33.4
"Maverick, TX",48323,42.4
"Medina, TX",48325,34.7
"Menard, TX",48327,2.5
"Midland, TX",48329,152
"Milam, TX",48331,24.3
"Mills, TX",48333,6.6
"Mitchell, TX",48335,10.3
"Montague, TX",48337,21.2
"Montgomery, TX",48339,437.5
"Moore, TX",48341,24.3
"Morris, TX",48343,51.3
"Motley, TX",48345,1.2
"Nacogdoches, TX",48347,68.2
"Navarro, TX",48349,47.3
"Newton, TX",48351,15.5
"Nolan, TX",48353,16.7
"Nueces, TX",48355,405.8
"Ochiltree, TX",48357,11.1
"Oldham, TX",48359,1.4
"Orange, TX",48361,245.3
"Palo Pinto, TX",48363,29.5
"Panola, TX",48365,29.7
"Parker, TX",48367,129.4
"Parmer, TX",48369,11.7
"Pecos, TX",48371,3.3
"Polk, TX",48373,43
"Potter, TX",48375,133.3
"Presidio, TX",48377,2
"Rains, TX",48379,47.6
"Randall, TX",48381,132.4
"Reagan, TX",48383,2.9
"Real, TX",48385,4.7
"Red River, TX",48387,12.4
"Reeves, TX",48389,5.2
"Refugio, TX",48391,9.6
"Roberts, TX",48393,1
"Robertson, TX",48395,19.4
"Rockwall, TX",48397,616.7
"Runnels, TX",48399,10
"Rusk, TX",48401,57.7
"Sabine, TX",48403,22
"San Augustine, TX",48405,16.7
"San Jacinto, TX",48407,46.3
"San Patricio, TX",48409,93.5
"San Saba, TX",48411,5.4
"Schleicher, TX",48413,2.6
"Scurry, TX",48415,18.7
"Shackelford, TX",48417,3.7
"Shelby, TX",48419,32
"Sherman, TX",48421,3.3
"Smith, TX",48423,227.6
"Somervell, TX",48425,45.5
"Starr, TX",48427,49.8
"Stephens, TX",48429,10.7
"Sterling, TX",48431,1.2
"Stonewall, TX",48433,1.6
"Sutton, TX",48435,2.8
"Swisher, TX",48437,8.8
"Tarrant, TX",48439,2094.7
"Taylor, TX",48441,143.6
"Terrell, TX",48443,0.4
"Terry, TX",48445,14.2
"Throckmorton, TX",48447,1.8
"Titus, TX",48449,79.6
"Tom Green, TX",48451,72.4
"Travis, TX",48453,1034.4
"Trinity, TX",48455,21
"Tyler, TX",48457,23.5
"Upshur, TX",48459,67.4
"Upton, TX",48461,2.7
"Uvalde, TX",48463,17
"Val Verde, TX",48465,15.5
"Van Zandt, TX",48467,62.4
"Victoria, TX",48469,98.4
"Walker, TX",48471,86.5
"Waller, TX",48473,84.1
"Ward, TX",48475,12.8
"Washington, TX",48477,55.8
"Webb, TX",48479,74.5
"Wharton, TX",48481,38
"Wheeler, TX",48483,5.9
"Wichita, TX",48485,209.5
"Wilbarger, TX",48487,13.9
"Willacy, TX",48489,37.5
"Williamson, TX",48491,378
"Wilson, TX",48493,53.4
"Winkler, TX",48495,8.5
"Wise, TX",48497,65.4
"Wood, TX",48499,65
"Yoakum, TX",48501,9.9
"Young, TX",48503,20.3
"Zapata, TX",48505,14
"Zavala, TX",48507,9
UTAH,49000,33.6
"Beaver, UT",49001,2.6
"Box Elder, UT",49003,8.7
"Cache, UT",49005,96.7
"Carbon, UT",49007,14.5
"Daggett, UT",49009,1.5
"Davis, UT",49011,1025.8
"Duchesne, UT",49013,5.7
"Emery, UT",49015,2.5
"Garfield, UT",49017,1
"Grand, UT",49019,2.5
"Iron, UT",49021,14
"Juab, UT",49023,3
"Kane, UT",49025,1.8
"Millard, UT",49027,1.9
"Morgan, UT",49029,15.5
"Piute, UT",49031,2.1
"Rich, UT",49033,2.2
"Salt Lake, UT",49035,1387.1
"San Juan, UT",49037,1.9
"Sanpete, UT",49039,17.5
"Sevier, UT",49041,10.9
"Summit, UT",49043,19.4
"Tooele, UT",49045,8.4
"Uintah, UT",49047,7.3
"Utah, UT",49049,257.8
"Wasatch, UT",49051,20
"Washington, UT",49053,56.9
"Wayne, UT",49055,1.1
"Weber, UT",49057,401.4
VERMONT,50000,67.9
"Addison, VT",50001,48
"Bennington, VT",50003,55
"Caledonia, VT",50005,48.1
"Chittenden, VT",50007,291.7
"Essex, VT",50009,9.5
"Franklin, VT",50011,75.3
"Grand Isle, VT",50013,85.2
"Lamoille, VT",50015,53.3
"Orange, VT",50017,42.1
"Orleans, VT",50019,39.3
"Rutland, VT",50021,66.3
"Washington, VT",50023,86.6
"Windham, VT",50025,56.7
"Windsor, VT",50027,58.5
VIRGINIA,51000,202.6
"Accomack, VA",51001,73.8
"Albemarle, VA",51003,137.3
"Alleghany, VA",51005,36.5
"Amelia, VA",51007,35.7
"Amherst, VA",51009,68.3
"Appomattox, VA",51011,44.9
"Arlington, VA",51013,7993.6
"Augusta, VA",51015,76.3
"Bath, VA",51017,8.9
"Bedford, VA",51019,91.2
"Bland, VA",51021,19.1
"Botetourt, VA",51023,61.2
"Brunswick, VA",51025,30.8
"Buchanan, VA",51027,47.9
"Buckingham, VA",51029,29.6
"Campbell, VA",51031,108.8
"Caroline, VA",51033,54.1
"Carroll, VA",51035,63.3
"Charles City, VA",51036,39.7
"Charlotte, VA",51037,26.5
"Chesterfield, VA",51041,747.1
"Clarke, VA",51043,79.7
"Craig, VA",51045,15.7
"Culpeper, VA",51047,123.1
"Cumberland, VA",51049,33.8
"Dickenson, VA",51051,48.1
"Dinwiddie, VA",51053,55.6
"Essex, VA",51057,43.4
"Fairfax, VA",51059,2766.8
"Fauquier, VA",51061,100.7
"Floyd, VA",51063,40.2
"Fluvanna, VA",51065,89.8
"Franklin, VA",51067,81.3
"Frederick, VA",51069,189.4
"Giles, VA",51071,48.6
"Gloucester, VA",51073,169.2
"Goochland, VA",51075,77.2
"Grayson, VA",51077,35.1
"Greene, VA",51079,117.8
"Greensville, VA",51081,41.5
"Halifax, VA",51083,44.3
"Hanover, VA",51085,213.1
"Henrico, VA",51087,1313.4
"Henry, VA",51089,141.6
"Highland, VA",51091,5.6
"Isle of Wight, VA",51093,111.8
"James City, VA",51095,470.4
"King and Queen, VA",51097,22
"King George, VA",51099,131.3
"King William, VA",51101,58.2
"Lancaster, VA",51103,85.5
"Lee, VA",51105,58.8
"Loudoun, VA",51107,605.8
"Louisa, VA",51109,66.8
"Lunenburg, VA",51111,29.9
"Madison, VA",51113,41.5
"Mathews, VA",51115,104.5
"Mecklenburg, VA",51117,52.3
"Middlesex, VA",51119,84.1
"Montgomery, VA",51121,243.9
"Nelson, VA",51125,31.9
"New Kent, VA",51127,87.9
"Northampton, VA",51131,58.5
"Northumberland, VA",51133,64.5
"Nottoway, VA",51135,50.4
"Orange, VA",51137,98.2
"Page, VA",51139,77.3
"Patrick, VA",51141,38.3
"Pittsylvania, VA",51143,65.5
"Powhatan, VA",51145,107.8
"Prince Edward, VA",51147,66.8
"Prince George, VA",51149,134.7
"Prince William, VA",51153,1195
"Pulaski, VA",51155,109
"Rappahannock, VA",51157,27.7
"Richmond, VA",51159,48.3
"Roanoke, VA",51161,368.7
"Rockbridge, VA",51163,37.3
"Rockingham, VA",51165,89.9
"Russell, VA",51167,61
"Scott, VA",51169,43.3
"Shenandoah, VA",51171,82.5
"Smyth, VA",51173,71.4
"Southampton, VA",51175,31
"Spotsylvania, VA",51177,304.9
"Stafford, VA",51179,479.5
"Surry, VA",51181,25.3
"Sussex, VA",51183,24.7
"Tazewell, VA",51185,86.9
"Warren, VA",51187,176
"Washington, VA",51191,97.8
"Westmoreland, VA",51193,76.1
"Wise, VA",51195,102.8
"Wythe, VA",51197,63.3
"York, VA",51199,624.8
"Alexandria, VA",51510,9314.3
"Bedford, VA",51515,904.6
"Bristol, VA",51520,1370.6
"Buena Vista, VA",51530,991.9
"Charlottesville, VA",51540,4246.4
"Chesapeake, VA",51550,652
"Clifton Forge, VA",51560,0
"Colonial Heights, VA",51570,2315.3
"Covington, VA",51580,1090.2
"Danville, VA",51590,1002.8
"Emporia, VA",51595,859.7
"Fairfax, VA",51600,3616.8
"Falls Church, VA",51610,6169.1
"Franklin, VA",51620,1045.8
"Fredericksburg, VA",51630,2326.2
"Galax, VA",51640,854.6
"Hampton, VA",51650,2673.2
"Harrisonburg, VA",51660,2808.2
"Hopewell, VA",51670,2198
"Lexington, VA",51678,2820.2
"Lynchburg, VA",51680,1538.2
"Manassas, VA",51683,3827.6
"Manassas Park, VA",51685,5632.6
"Martinsville, VA",51690,1261.5
"Newport News, VA",51700,2630
"Norfolk, VA",51710,4486.4
"Norton, VA",51720,529.1
"Petersburg, VA",51730,1413.7
"Poquoson, VA",51735,793.2
"Portsmouth, VA",51740,2838.8
"Radford, VA",51750,1662.1
"Richmond, VA",51760,3414.7
"Roanoke, VA",51770,2279.8
"Salem, VA",51775,1717.9
"South Boston, VA",51780,0
"Staunton, VA",51790,1188.8
"Suffolk, VA",51800,211.4
"Virginia Beach, VA",51810,1758.9
"Waynesboro, VA",51820,1396.8
"Williamsburg, VA",51830,1559.3
"Winchester, VA",51840,2838
WASHINGTON,53000,101.2
"Adams, WA",53001,9.7
"Asotin, WA",53003,34
"Benton, WA",53005,103
"Chelan, WA",53007,24.8
"Clallam, WA",53009,41.1
"Clark, WA",53011,676.2
"Columbia, WA",53013,4.7
"Cowlitz, WA",53015,89.8
"Douglas, WA",53017,21.1
"Ferry, WA",53019,3.4
"Franklin, WA",53021,62.9
"Garfield, WA",53023,3.2
"Grant, WA",53025,33.3
"Grays Harbor, WA",53027,38.3
"Island, WA",53029,376.6
"Jefferson, WA",53031,16.6
"King, WA",53033,912.9
"Kitsap, WA",53035,635.9
"Kittitas, WA",53037,17.8
"Klickitat, WA",53039,10.9
"Lewis, WA",53041,31.4
"Lincoln, WA",53043,4.6
"Mason, WA",53045,63.3
"Okanogan, WA",53047,7.8
"Pacific, WA",53049,22.4
"Pend Oreille, WA",53051,9.3
"Pierce, WA",53053,476.3
"San Juan, WA",53055,90.7
"Skagit, WA",53057,67.5
"Skamania, WA",53059,6.7
"Snohomish, WA",53061,341.8
"Spokane, WA",53063,267.2
"Stevens, WA",53065,17.6
"Thurston, WA",53067,349.4
"Wahkiakum, WA",53069,15.1
"Walla Walla, WA",53071,46.3
"Whatcom, WA",53073,95.5
"Whitman, WA",53075,20.7
"Yakima, WA",53077,56.6
WEST VIRGINIA,54000,77.1
"Barbour, WV",54001,48.6
"Berkeley, WV",54003,324.4
"Boone, WV",54005,49.1
"Braxton, WV",54007,28.4
"Brooke, WV",54009,269.8
"Cabell, WV",54011,342.8
"Calhoun, WV",54013,27.3
"Clay, WV",54015,27.5
"Doddridge, WV",54017,25.7
"Fayette, WV",54019,69.6
"Gilmer, WV",54021,25.7
"Grant, WV",54023,25
"Greenbrier, WV",54025,34.8
"Hampshire, WV",54027,37.4
"Hancock, WV",54029,371.3
"Hardy, WV",54031,24.1
"Harrison, WV",54033,166.1
"Jackson, WV",54035,62.9
"Jefferson, WV",54037,255.2
"Kanawha, WV",54039,214.1
"Lewis, WV",54041,42.5
"Lincoln, WV",54043,49.7
"Logan, WV",54045,81
"McDowell, WV",54047,41.5
"Marion, WV",54049,182.7
"Marshall, WV",54051,108.4
"Mason, WV",54053,63.4
"Mercer, WV",54055,148.6
"Mineral, WV",54057,86.1
"Mingo, WV",54059,63.4
"Monongalia, WV",54061,267.1
"Monroe, WV",54063,28.6
"Morgan, WV",54065,76.6
"Nicholas, WV",54067,40.6
"Ohio, WV",54069,420
"Pendleton, WV",54071,11.1
"Pleasants, WV",54073,58.5
"Pocahontas, WV",54075,9.3
"Preston, WV",54077,51.7
"Putnam, WV",54079,160.5
"Raleigh, WV",54081,130.3
"Randolph, WV",54083,28.3
"Ritchie, WV",54085,23.1
"Roane, WV",54087,30.9
"Summers, WV",54089,38.6
"Taylor, WV",54091,97.8
"Tucker, WV",54093,17
"Tyler, WV",54095,35.9
"Upshur, WV",54097,68.4
"Wayne, WV",54099,84
"Webster, WV",54101,16.5
"Wetzel, WV",54103,46.3
"Wirt, WV",54105,24.6
"Wood, WV",54107,237.4
"Wyoming, WV",54109,47.6
WISCONSIN,55000,105
"Adams, WI",55001,32.3
"Ashland, WI",55003,15.5
"Barron, WI",55005,53.2
"Bayfield, WI",55007,10.2
"Brown, WI",55009,468.2
"Buffalo, WI",55011,20.2
"Burnett, WI",55013,18.8
"Calumet, WI",55015,153.9
"Chippewa, WI",55017,61.9
"Clark, WI",55019,28.7
"Columbia, WI",55021,74.2
"Crawford, WI",55023,29.2
"Dane, WI",55025,407.7
"Dodge, WI",55027,101.4
"Door, WI",55029,57.6
"Douglas, WI",55031,33.9
"Dunn, WI",55033,51.6
"Eau Claire, WI",55035,154.8
"Florence, WI",55037,9.1
"Fond du Lac, WI",55039,141.2
"Forest, WI",55041,9.2
"Grant, WI",55043,44.7
"Green, WI",55045,63.1
"Green Lake, WI",55047,54.5
"Iowa, WI",55049,31.1
"Iron, WI",55051,7.8
"Jackson, WI",55053,20.7
"Jefferson, WI",55055,150.4
"Juneau, WI",55057,34.8
"Kenosha, WI",55059,611.9
"Kewaunee, WI",55061,60.1
"La Crosse, WI",55063,253.8
"Lafayette, WI",55065,26.6
"Langlade, WI",55067,22.9
"Lincoln, WI",55069,32.7
"Manitowoc, WI",55071,138.3
"Marathon, WI",55073,86.8
"Marinette, WI",55075,29.8
"Marquette, WI",55077,33.8
"Menominee, WI",55078,11.8
"Milwaukee, WI",55079,3926
"Monroe, WI",55081,49.6
"Oconto, WI",55083,37.7
"Oneida, WI",55085,32.3
"Outagamie, WI",55087,277.2
"Ozaukee, WI",55089,370.7
"Pepin, WI",55091,32.2
"Pierce, WI",55093,71.5
"Polk, WI",55095,48.4
"Portage, WI",55097,87.4
"Price, WI",55099,11.3
"Racine, WI",55101,587.7
"Richland, WI",55103,30.7
"Rock, WI",55105,223.3
"Rusk, WI",55107,16.2
"St. Croix, WI",55109,116.8
"Sauk, WI",55111,74.6
"Sawyer, WI",55113,13.2
"Shawano, WI",55115,47
"Sheboygan, WI",55117,225.9
"Taylor, WI",55119,21.2
"Trempealeau, WI",55121,39.3
"Vernon, WI",55123,37.6
"Vilas, WI",55125,25
"Walworth, WI",55127,184.2
"Washburn, WI",55129,20
"Washington, WI",55131,306.2
"Waukesha, WI",55133,709.4
"Waupaca, WI",55135,70.1
"Waushara, WI",55137,39.1
"Winnebago, WI",55139,384.3
"Wood, WI",55141,94.2
WYOMING,56000,5.8
"Albany, WY",56001,8.5
"Big Horn, WY",56003,3.7
"Campbell, WY",56005,9.6
"Carbon, WY",56007,2
"Converse, WY",56009,3.3
"Crook, WY",56011,2.5
"Fremont, WY",56013,4.4
"Goshen, WY",56015,6
"Hot Springs, WY",56017,2.4
"Johnson, WY",56019,2.1
"Laramie, WY",56021,34.2
"Lincoln, WY",56023,4.4
"Natrona, WY",56025,14.1
"Niobrara, WY",56027,0.9
"Park, WY",56029,4.1
"Platte, WY",56031,4.2
"Sheridan, WY",56033,11.5
"Sublette, WY",56035,2.1
"Sweetwater, WY",56037,4.2
"Teton, WY",56039,5.3
"Uinta, WY",56041,10.1
"Washakie, WY",56043,3.8
"Weston, WY",56045,3